ENTROPY,PAINTING_NAME,FILENAME
4.418476537738034,field_of_spring_wheat_at_sunrise,data/van_gogh/field_of_spring_wheat_at_sunrise.jpg
3.0642960221840827,vase_with_zinnias_and_geraniums,data/van_gogh/vase_with_zinnias_and_geraniums.jpg
4.158348541387394,autumn_landscape,data/van_gogh/autumn_landscape.jpg
4.571079641580303,thatched_cottages_in_the_sunshine_reminiscence_of_the_north,data/van_gogh/thatched_cottages_in_the_sunshine_reminiscence_of_the_north.jpg
4.7753108871908045,the_night_cafe_in_the_place_lamartine_in_arles,data/van_gogh/the_night_cafe_in_the_place_lamartine_in_arles.jpg
3.7648986975044174,edge_of_a_wood,data/van_gogh/edge_of_a_wood.jpg
4.716227513573577,the_seine_with_the_pont_de_clichy,data/van_gogh/the_seine_with_the_pont_de_clichy.jpg
4.8464608669103955,the_thresher_after_millet,data/van_gogh/the_thresher_after_millet.jpg
4.370241369869562,the_white_orchard,data/van_gogh/the_white_orchard.jpg
5.292023257729293,doctor_gachet_s_garden_in_auvers,data/van_gogh/doctor_gachet_s_garden_in_auvers.jpg
3.653628390016745,evening_the_watch_after_millet,data/van_gogh/evening_the_watch_after_millet.jpg
3.396516126841563,cluster_of_old_houses_with_the_new_church_in_the_hague,data/van_gogh/cluster_of_old_houses_with_the_new_church_in_the_hague.jpg
4.31632733060868,peasants_lifting_potatoes,data/van_gogh/peasants_lifting_potatoes.jpg
4.145117667980541,tree_trunks_with_ivy_2,data/van_gogh/tree_trunks_with_ivy_2.jpg
4.762545401668557,chestnut_trees_in_blossom,data/van_gogh/chestnut_trees_in_blossom.jpg
4.7532949107099585,wheat_field_in_rain,data/van_gogh/wheat_field_in_rain.jpg
3.8766152182505467,self-portrait_dedicated_to_paul_gauguin,data/van_gogh/self-portrait_dedicated_to_paul_gauguin.jpg
4.802352016121272,"the_railway_bridge_over_avenue_montmajour,_arles","data/van_gogh/the_railway_bridge_over_avenue_montmajour,_arles.jpg"
4.644389216510935,farmhouses_in_a_wheat_field_near_arles,data/van_gogh/farmhouses_in_a_wheat_field_near_arles.jpg
5.006243478842226,still_life_with_red_cabbages_and_onions,data/van_gogh/still_life_with_red_cabbages_and_onions.jpg
3.7203290206535082,still_life_vase_with_five_sunflowers,data/van_gogh/still_life_vase_with_five_sunflowers.jpg
4.437269463205264,la_crau_with_peach_trees_in_blossom,data/van_gogh/la_crau_with_peach_trees_in_blossom.jpg
4.999343221828455,restaurant_de_la_sirene_at_asnieres,data/van_gogh/restaurant_de_la_sirene_at_asnieres.jpg
4.941706668927841,olive_trees_with_the_alpilles_in_the_background,data/van_gogh/olive_trees_with_the_alpilles_in_the_background.jpg
4.133967857795094,cottage_with_decrepit_barn_and_stooping_woman,data/van_gogh/cottage_with_decrepit_barn_and_stooping_woman.jpg
4.399471214045564,the_schoolboy_camille_roulin,data/van_gogh/the_schoolboy_camille_roulin.jpg
4.084455122370708,old_church_tower_at_nuenen_the_peasants_churchyard,data/van_gogh/old_church_tower_at_nuenen_the_peasants_churchyard.jpg
4.30376387259756,view_of_the_sea_at_scheveningen,data/van_gogh/view_of_the_sea_at_scheveningen.jpg
2.298855528894445,vase_with_carnations_and_zinnias,data/van_gogh/vase_with_carnations_and_zinnias.jpg
2.9848110732415987,vase_with_white_and_red_carnations,data/van_gogh/vase_with_white_and_red_carnations.jpg
4.768508491464771,plaster_statuette_of_a_female_torso,data/van_gogh/plaster_statuette_of_a_female_torso.jpg
4.742086701279675,the_fields,data/van_gogh/the_fields.jpg
4.940155927166109,encampment_of_gypsies_with_caravans,data/van_gogh/encampment_of_gypsies_with_caravans.jpg
4.418014579515989,still_life_pink_roses,data/van_gogh/still_life_pink_roses.jpg
5.218567655350614,the_spinner,data/van_gogh/the_spinner.jpg
4.799209299886762,thatched_sandstone_cottages_in_chaponval,data/van_gogh/thatched_sandstone_cottages_in_chaponval.jpg
5.283016530205865,haystacks_in_provence,data/van_gogh/haystacks_in_provence.jpg
4.567369712421756,prisoners_exercising_after_dore,data/van_gogh/prisoners_exercising_after_dore.jpg
1.5460406713843173,head_of_a_peasant_woman_in_a_green_shawl,data/van_gogh/head_of_a_peasant_woman_in_a_green_shawl.jpg
4.055095376346462,olive_picking_3,data/van_gogh/olive_picking_3.jpg
5.005924629166304,the_good_samaritan_after_delacroix,data/van_gogh/the_good_samaritan_after_delacroix.jpg
5.15698197103356,view_of_auvers,data/van_gogh/view_of_auvers.jpg
5.264116835656629,the_garden_of_saint-paul_hospital_2,data/van_gogh/the_garden_of_saint-paul_hospital_2.jpg
4.868387250165243,memory_of_the_garden_at_etten,data/van_gogh/memory_of_the_garden_at_etten.jpg
4.288225259444206,farmhouses_among_trees,data/van_gogh/farmhouses_among_trees.jpg
4.435640916001058,skull_2,data/van_gogh/skull_2.jpg
3.0338893273816767,vase_with_red_gladioli_3,data/van_gogh/vase_with_red_gladioli_3.jpg
4.668645331039049,at_the_foot_of_the_mountains,data/van_gogh/at_the_foot_of_the_mountains.jpg
3.9278489897898163,fisherman_s_wife_on_the_beach,data/van_gogh/fisherman_s_wife_on_the_beach.jpg
4.838527696318022,trees_in_the_garden_of_saint-paul_hospital_3,data/van_gogh/trees_in_the_garden_of_saint-paul_hospital_3.jpg
1.923887037819116,self-portrait_with_pipe_2,data/van_gogh/self-portrait_with_pipe_2.jpg
4.228699649942724,arles_view_from_the_wheat_fields,data/van_gogh/arles_view_from_the_wheat_fields.jpg
4.965078876566364,olive_grove_orange_sky,data/van_gogh/olive_grove_orange_sky.jpg
4.644086373577206,portrait_of_pere_tanguy_3,data/van_gogh/portrait_of_pere_tanguy_3.jpg
5.009835348845892,vegetable_gardens_at_montmartre,data/van_gogh/vegetable_gardens_at_montmartre.jpg
4.808566455804293,two_lovers_fragment,data/van_gogh/two_lovers_fragment.jpg
4.496082037862346,coal_barges,data/van_gogh/coal_barges.jpg
4.572947517309213,autumn_landscape_with_four_trees,data/van_gogh/autumn_landscape_with_four_trees.jpg
4.184715232204549,view_of_arles_with_trees_in_blossom,data/van_gogh/view_of_arles_with_trees_in_blossom.jpg
4.108821216891114,vase_with_daisies,data/van_gogh/vase_with_daisies.jpg
3.0858235367372444,portrait_of_pere_tanguy_2,data/van_gogh/portrait_of_pere_tanguy_2.jpg
3.544537238730928,still_life_with_bloaters_and_garlic,data/van_gogh/still_life_with_bloaters_and_garlic.jpg
2.8808854121170233,vase_with_flowers,data/van_gogh/vase_with_flowers.jpg
4.938394340685217,green_ears_of_wheat,data/van_gogh/green_ears_of_wheat.jpg
4.551819036548794,skull,data/van_gogh/skull.jpg
5.446481745395885,"still_life_drawing_board,_pipe,_onions_and_sealing-wax","data/van_gogh/still_life_drawing_board,_pipe,_onions_and_sealing-wax.jpg"
4.010949338128122,mother_roulin_with_her_baby_2,data/van_gogh/mother_roulin_with_her_baby_2.jpg
5.045343731188897,the_courtyard_of_the_hospital_at_arles,data/van_gogh/the_courtyard_of_the_hospital_at_arles.jpg
4.2177241468272015,the_kingfisher,data/van_gogh/the_kingfisher.jpg
4.806629183057184,trunk_of_an_old_yew_tree,data/van_gogh/trunk_of_an_old_yew_tree.jpg
1.6899325405490044,head_of_a_man_2,data/van_gogh/head_of_a_man_2.jpg
4.498731347502871,still_life_with_basket_of_apples_to_lucien_pissarro,data/van_gogh/still_life_with_basket_of_apples_to_lucien_pissarro.jpg
4.311249440996393,portrait_of_woman_in_blue,data/van_gogh/portrait_of_woman_in_blue.jpg
4.697763900795357,entrance_to_a_quarry_near_saint-remy,data/van_gogh/entrance_to_a_quarry_near_saint-remy.jpg
4.846555939865875,valley_with_ploughman_seen_from_above,data/van_gogh/valley_with_ploughman_seen_from_above.jpg
4.962752761618247,the_trinquetaille_bridge,data/van_gogh/the_trinquetaille_bridge.jpg
1.190383002023668,head_of_a_peasant_woman_with_dark_cap,data/van_gogh/head_of_a_peasant_woman_with_dark_cap.jpg
4.58050103905705,canal_with_women_washing,data/van_gogh/canal_with_women_washing.jpg
4.243112897798241,landscape_with_the_chateau_of_auvers_at_sunset,data/van_gogh/landscape_with_the_chateau_of_auvers_at_sunset.jpg
3.7317512626581646,vase_with_red_gladioli_2,data/van_gogh/vase_with_red_gladioli_2.jpg
4.107538714216292,portrait_of_the_art_dealer_alexander_reid,data/van_gogh/portrait_of_the_art_dealer_alexander_reid.jpg
3.540386533649028,the_garden_of_saint-paul_hospital_3,data/van_gogh/the_garden_of_saint-paul_hospital_3.jpg
3.798413858842401,olive_picking_2,data/van_gogh/olive_picking_2.jpg
2.1130090873172014,peasant_digging,data/van_gogh/peasant_digging.jpg
4.255089157648193,portrait_of_a_man_with_a_skull_cap,data/van_gogh/portrait_of_a_man_with_a_skull_cap.jpg
2.573033897522863,basket_of_potatoes,data/van_gogh/basket_of_potatoes.jpg
4.654975688470262,young_man_with_cornflower,data/van_gogh/young_man_with_cornflower.jpg
4.502742641243298,"still_life_blue_enamel_coffeepot,_earthenware_and_fruit","data/van_gogh/still_life_blue_enamel_coffeepot,_earthenware_and_fruit.jpg"
4.9393931998223515,olive_grove_2,data/van_gogh/olive_grove_2.jpg
4.575356567919967,the_stone_bench_in_the_garden_of_saint-paul_hospital,data/van_gogh/the_stone_bench_in_the_garden_of_saint-paul_hospital.jpg
4.905363255064386,reaper_with_sickle_after_millet,data/van_gogh/reaper_with_sickle_after_millet.jpg
3.8796674000337408,clumps_of_grass,data/van_gogh/clumps_of_grass.jpg
5.20424251166198,sunny_lawn_in_a_public_park,data/van_gogh/sunny_lawn_in_a_public_park.jpg
4.440380237044474,red_chestnuts_in_the_public_park_at_arles,data/van_gogh/red_chestnuts_in_the_public_park_at_arles.jpg
3.94550600489068,head_of_a_peasant_woman_with_white_cap,data/van_gogh/head_of_a_peasant_woman_with_white_cap.jpg
5.626994609643423,young_peasant_woman_with_straw_hat_sitting_in_the_wheat,data/van_gogh/young_peasant_woman_with_straw_hat_sitting_in_the_wheat.jpg
4.04541724774717,"vase_with_poppies,_cornflowers,_peonies_and_chrysanthemums","data/van_gogh/vase_with_poppies,_cornflowers,_peonies_and_chrysanthemums.jpg"
1.61469882813581,head_of_a_man,data/van_gogh/head_of_a_man.jpg
3.6728986194372535,vase_with_gladioli_and_carnations,data/van_gogh/vase_with_gladioli_and_carnations.jpg
5.269448074295826,ploughed_field,data/van_gogh/ploughed_field.jpg
4.863206179517906,seascape_at_saintes-maries,data/van_gogh/seascape_at_saintes-maries.jpg
3.8929657398575577,portrait_of_a_man,data/van_gogh/portrait_of_a_man.jpg
4.825894387352461,the_zouave_half_length,data/van_gogh/the_zouave_half_length.jpg
3.331452084346233,vase_with_red_gladioli,data/van_gogh/vase_with_red_gladioli.jpg
4.95541166731829,the_white_house_at_night,data/van_gogh/the_white_house_at_night.jpg
5.588956674961672,a_pork-butcher_s_shop_seen_from_a_window,data/van_gogh/a_pork-butcher_s_shop_seen_from_a_window.jpg
3.5027693640935587,landscape_at_dusk,data/van_gogh/landscape_at_dusk.jpg
5.385581592992409,two_women_crossing_the_fields,data/van_gogh/two_women_crossing_the_fields.jpg
5.203463768281687,the_walk_falling_leaves,data/van_gogh/the_walk_falling_leaves.jpg
4.262648004173714,rocks_with_oak_tree,data/van_gogh/rocks_with_oak_tree.jpg
4.810004282611804,the_langlois_bridge_at_arles_2,data/van_gogh/the_langlois_bridge_at_arles_2.jpg
4.852440013302562,olive_grove_3,data/van_gogh/olive_grove_3.jpg
5.272412624706935,the_church_at_auvers,data/van_gogh/the_church_at_auvers.jpg
4.864334749233073,pollard_willows,data/van_gogh/pollard_willows.jpg
5.455629974055457,"harvest_at_la_crau,_with_montmajour_in_the_background","data/van_gogh/harvest_at_la_crau,_with_montmajour_in_the_background.jpg"
4.369134044139463,field_with_two_rabbits,data/van_gogh/field_with_two_rabbits.jpg
5.12518959828916,auvers_town_hall_on_14_july_1890,data/van_gogh/auvers_town_hall_on_14_july_1890.jpg
3.8358382508774644,self-portrait_with_bandaged_ear_and_pipe,data/van_gogh/self-portrait_with_bandaged_ear_and_pipe.jpg
3.112942247087451,country_lane_with_two_figures,data/van_gogh/country_lane_with_two_figures.jpg
4.461798123494517,the_seated_zouave,data/van_gogh/the_seated_zouave.jpg
3.488498778125246,marshy_landscape,data/van_gogh/marshy_landscape.jpg
4.951728167887862,cows_after_jordaens,data/van_gogh/cows_after_jordaens.jpg
5.093830503549155,the_raising_of_lazarus_after_rembrandt,data/van_gogh/the_raising_of_lazarus_after_rembrandt.jpg
4.277980379798425,the_garden_of_saint-paul_hospital,data/van_gogh/the_garden_of_saint-paul_hospital.jpg
4.008442741987997,two_women_in_the_woods,data/van_gogh/two_women_in_the_woods.jpg
5.32473058740656,the_garden_of_saint-paul_hospital_4,data/van_gogh/the_garden_of_saint-paul_hospital_4.jpg
4.332340384821783,two_cut_sunflowers,data/van_gogh/two_cut_sunflowers.jpg
4.219433009493118,windmill_on_montmartre,data/van_gogh/windmill_on_montmartre.jpg
3.7479514422567415,portrait_of_adeline_ravoux_3,data/van_gogh/portrait_of_adeline_ravoux_3.jpg
4.544495293824147,daubigny_s_garden_3,data/van_gogh/daubigny_s_garden_3.jpg
5.162193724494986,wild_flowers_and_thistles_in_a_vase,data/van_gogh/wild_flowers_and_thistles_in_a_vase.jpg
5.477294485432164,houses_in_auvers,data/van_gogh/houses_in_auvers.jpg
5.635925915289158,child_with_orange,data/van_gogh/child_with_orange.jpg
4.160782398140747,harvest_in_provence,data/van_gogh/harvest_in_provence.jpg
3.7680390117668305,cottage_2,data/van_gogh/cottage_2.jpg
4.863736323996168,still_life_with_pears,data/van_gogh/still_life_with_pears.jpg
5.401138710482082,"shepherdess,_the_after_millet","data/van_gogh/shepherdess,_the_after_millet.jpg"
5.136932707536648,thatched_cottages,data/van_gogh/thatched_cottages.jpg
3.4017587058423633,head_of_a_peasant_woman_with_dark_cap_8,data/van_gogh/head_of_a_peasant_woman_with_dark_cap_8.jpg
5.217413307765629,peasant_woman_binding_sheaves_after_millet,data/van_gogh/peasant_woman_binding_sheaves_after_millet.jpg
3.140958665621536,portrait_of_armand_roulin_2,data/van_gogh/portrait_of_armand_roulin_2.jpg
4.113016187011914,wild_roses,data/van_gogh/wild_roses.jpg
4.639537286729053,portrait_of_madame_augustine_roulin,data/van_gogh/portrait_of_madame_augustine_roulin.jpg
4.537483029088648,the_pieta_after_delacroix,data/van_gogh/the_pieta_after_delacroix.jpg
4.375689911862205,still_life_vase_with_irises_against_a_yellow_background,data/van_gogh/still_life_vase_with_irises_against_a_yellow_background.jpg
4.537858551332544,still_life_with_basket_of_apples,data/van_gogh/still_life_with_basket_of_apples.jpg
4.460326875679772,the_hill_of_montmartre_with_quarry,data/van_gogh/the_hill_of_montmartre_with_quarry.jpg
2.6327674694110472,portrait_of_an_old_man_with_beard,data/van_gogh/portrait_of_an_old_man_with_beard.jpg
4.899022333999746,two_poplars_on_a_road_through_the_hills,data/van_gogh/two_poplars_on_a_road_through_the_hills.jpg
4.307199614734582,young_man_with_a_cap,data/van_gogh/young_man_with_a_cap.jpg
3.672699038575603,vase_with_gladioli_and_carnations_2,data/van_gogh/vase_with_gladioli_and_carnations_2.jpg
4.545742334255142,vegetable_gardens_in_montmartre_la_butte_montmartre,data/van_gogh/vegetable_gardens_in_montmartre_la_butte_montmartre.jpg
4.775247786938234,marguerite_gachet_at_the_piano,data/van_gogh/marguerite_gachet_at_the_piano.jpg
3.582683637668906,still_life_vase_with_zinnias,data/van_gogh/still_life_vase_with_zinnias.jpg
5.086787323409583,first_steps_after_millet,data/van_gogh/first_steps_after_millet.jpg
5.375828264709414,village_street_and_steps_in_auvers_with_figures,data/van_gogh/village_street_and_steps_in_auvers_with_figures.jpg
3.8520076256828633,the_novel_reader,data/van_gogh/the_novel_reader.jpg
4.981089778118672,lilacs_2,data/van_gogh/lilacs_2.jpg
4.2291753570065,a_field_of_yellow_flowers,data/van_gogh/a_field_of_yellow_flowers.jpg
5.035839242631343,daubigny_s_garden_2,data/van_gogh/daubigny_s_garden_2.jpg
3.44823192293561,portrait_of_adeline_ravoux_2,data/van_gogh/portrait_of_adeline_ravoux_2.jpg
4.624911408029819,orchard_in_blossom_plum_trees,data/van_gogh/orchard_in_blossom_plum_trees.jpg
4.157274202368534,backyards_of_old_houses_in_antwerp_in_the_snow,data/van_gogh/backyards_of_old_houses_in_antwerp_in_the_snow.jpg
4.869204294956315,olive_trees_with_yellow_sky_and_sun,data/van_gogh/olive_trees_with_yellow_sky_and_sun.jpg
4.751241582900307,the_garden_of_saint-paul_hospital_5,data/van_gogh/the_garden_of_saint-paul_hospital_5.jpg
5.307321469284685,vineyards_with_a_view_of_auvers,data/van_gogh/vineyards_with_a_view_of_auvers.jpg
3.6024316520362807,view_of_montmartre_with_windmills,data/van_gogh/view_of_montmartre_with_windmills.jpg
4.216734919583681,still_life_pink_roses_in_a_vase,data/van_gogh/still_life_pink_roses_in_a_vase.jpg
4.73353817775632,morning_peasant_couple_going_to_work,data/van_gogh/morning_peasant_couple_going_to_work.jpg
4.703604696508463,the_drinkers,data/van_gogh/the_drinkers.jpg
3.136288174761261,vase_with_myosotis_and_peonies,data/van_gogh/vase_with_myosotis_and_peonies.jpg
3.439334201097105,cart_with_red_and_white_ox,data/van_gogh/cart_with_red_and_white_ox.jpg
3.7421942925453,self-portrait_8,data/van_gogh/self-portrait_8.jpg
4.251342288601135,madame_roulin_rocking_the_cradle_la_berceuse,data/van_gogh/madame_roulin_rocking_the_cradle_la_berceuse.jpg
3.7354672823225177,self-portrait_with_grey_felt_hat_3,data/van_gogh/self-portrait_with_grey_felt_hat_3.jpg
3.716553989338391,beach_at_scheveningen_in_calm_weather,data/van_gogh/beach_at_scheveningen_in_calm_weather.jpg
4.006256204547134,plaster_statuette_of_a_female_torso_4,data/van_gogh/plaster_statuette_of_a_female_torso_4.jpg
4.90361782586066,wheat_stacks_with_reaper,data/van_gogh/wheat_stacks_with_reaper.jpg
4.8415469623608205,wheat_field_with_cypresses_2,data/van_gogh/wheat_field_with_cypresses_2.jpg
4.706978505900142,blossoming_pear_tree,data/van_gogh/blossoming_pear_tree.jpg
6.090493803255518,avenue_of_plane_trees_near_arles_station,data/van_gogh/avenue_of_plane_trees_near_arles_station.jpg
4.805194686001173,les_alyscamps_falling_autumn_leaves,data/van_gogh/les_alyscamps_falling_autumn_leaves.jpg
3.944942835978373,l_arlesienne_madame_ginoux_2,data/van_gogh/l_arlesienne_madame_ginoux_2.jpg
4.893931977185151,girl_with_ruffled_hair_the_mudlark,data/van_gogh/girl_with_ruffled_hair_the_mudlark.jpg
4.217532877876566,portrait_of_eugene_boch,data/van_gogh/portrait_of_eugene_boch.jpg
1.8802829221408552,head_of_a_peasant_woman_with_white_cap_2,data/van_gogh/head_of_a_peasant_woman_with_white_cap_2.jpg
4.518969281037142,still_life_vase_with_oleanders,data/van_gogh/still_life_vase_with_oleanders.jpg
4.086815602074156,next_painting,data/van_gogh/next_painting.jpg
4.814176184839053,path_through_a_field_with_willows,data/van_gogh/path_through_a_field_with_willows.jpg
4.3445184093452065,wheat_fields_with_reaper_at_sunrise,data/van_gogh/wheat_fields_with_reaper_at_sunrise.jpg
3.7280680947384193,vase_with_gladioli_and_lilac,data/van_gogh/vase_with_gladioli_and_lilac.jpg
1.3386834598467254,head_of_a_peasant_woman,data/van_gogh/head_of_a_peasant_woman.jpg
4.877099148803142,orchard_in_blossom_with_view_of_arles,data/van_gogh/orchard_in_blossom_with_view_of_arles.jpg
3.4278559964642716,cottage_with_peasant_woman_digging,data/van_gogh/cottage_with_peasant_woman_digging.jpg
4.533801842422763,roadway_with_underpass_the_viaduct,data/van_gogh/roadway_with_underpass_the_viaduct.jpg
3.569761739730357,peat_boat_with_two_figures,data/van_gogh/peat_boat_with_two_figures.jpg
4.071217939300259,portrait_of_armand_roulin,data/van_gogh/portrait_of_armand_roulin.jpg
4.6878837316856385,l_arlesienne_madame_ginoux_3,data/van_gogh/l_arlesienne_madame_ginoux_3.jpg
5.188561317685678,portrait_of_doctor_gachet_2,data/van_gogh/portrait_of_doctor_gachet_2.jpg
5.045458314205381,tarascon_diligence,data/van_gogh/tarascon_diligence.jpg
4.595462127157577,still_life_french_novels,data/van_gogh/still_life_french_novels.jpg
4.129806700633186,self-portrait_with_grey_felt_hat_2,data/van_gogh/self-portrait_with_grey_felt_hat_2.jpg
4.56142692564047,plaster_statuette_of_a_female_torso_5,data/van_gogh/plaster_statuette_of_a_female_torso_5.jpg
4.028518775461359,self-portrait_9,data/van_gogh/self-portrait_9.jpg
4.435073148663412,public_garden_with_couple_and_blue_fir_tree_the_poet_s_garden_iii,data/van_gogh/public_garden_with_couple_and_blue_fir_tree_the_poet_s_garden_iii.jpg
4.314412817354485,dunes,data/van_gogh/dunes.jpg
4.8039884155165415,the_langlois_bridge_at_arles_with_road_alongside_the_canal,data/van_gogh/the_langlois_bridge_at_arles_with_road_alongside_the_canal.jpg
4.924118326582861,green_wheat_field_with_cypress,data/van_gogh/green_wheat_field_with_cypress.jpg
4.299982832010218,cottage_and_woman_with_goat,data/van_gogh/cottage_and_woman_with_goat.jpg
5.258658531538644,wheat_field_with_a_lark,data/van_gogh/wheat_field_with_a_lark.jpg
3.1849979946721567,plaster_statuette_of_a_female_torso_7,data/van_gogh/plaster_statuette_of_a_female_torso_7.jpg
5.36238371322048,entrance_to_the_public_park_in_arles,data/van_gogh/entrance_to_the_public_park_in_arles.jpg
5.297027434808969,orchard_in_blossom_3,data/van_gogh/orchard_in_blossom_3.jpg
5.190122075710576,"orchard_in_blossom,_bordered_by_cypresses_2","data/van_gogh/orchard_in_blossom,_bordered_by_cypresses_2.jpg"
5.414595829777104,les_alyscamps,data/van_gogh/les_alyscamps.jpg
4.901661570472456,green_wheat_fields,data/van_gogh/green_wheat_fields.jpg
3.322824450645798,a_l_arlesienne_madame_ginoux_with_gloves_and_umbre,data/van_gogh/a_l_arlesienne_madame_ginoux_with_gloves_and_umbre.jpg
4.734121885007538,almond_tree_in_blossom,data/van_gogh/almond_tree_in_blossom.jpg
4.941360658267746,three_sunflowers_in_a_vase,data/van_gogh/three_sunflowers_in_a_vase.jpg
4.44751671431255,"la_mousme,_sitting","data/van_gogh/la_mousme,_sitting.jpg"
4.7804980027419814,mountains_at_saint-remy_with_dark_cottage,data/van_gogh/mountains_at_saint-remy_with_dark_cottage.jpg
3.615404071272604,women_mending_nets_in_the_dunes,data/van_gogh/women_mending_nets_in_the_dunes.jpg
4.175935539110577,poppies_and_butterflies,data/van_gogh/poppies_and_butterflies.jpg
4.619649274086719,interior_of_the_restaurant_carrel_in_arles,data/van_gogh/interior_of_the_restaurant_carrel_in_arles.jpg
4.536615928592432,a_pair_of_leather_clogs,data/van_gogh/a_pair_of_leather_clogs.jpg
4.420755696544109,olive_grove_with_picking_figures,data/van_gogh/olive_grove_with_picking_figures.jpg
4.830049069248008,orchard_with_peach_trees_in_blossom,data/van_gogh/orchard_with_peach_trees_in_blossom.jpg
3.749088356492362,street_scene_in_montmartre_le_moulin_a_poivre,data/van_gogh/street_scene_in_montmartre_le_moulin_a_poivre.jpg
4.995876724206708,landscape_with_three_trees_and_a_house,data/van_gogh/landscape_with_three_trees_and_a_house.jpg
4.767471737997114,meadow_in_the_garden_of_saint-paul_hospital,data/van_gogh/meadow_in_the_garden_of_saint-paul_hospital.jpg
2.811391203517269,still_life_with_cabbage_and_clogs,data/van_gogh/still_life_with_cabbage_and_clogs.jpg
5.21585565030048,the_man_is_at_sea_after_demont-breton,data/van_gogh/the_man_is_at_sea_after_demont-breton.jpg
3.9421885784076944,vase_with_cornflowers_and_poppies,data/van_gogh/vase_with_cornflowers_and_poppies.jpg
5.289219007330408,vincent_s_bedroom_in_arles,data/van_gogh/vincent_s_bedroom_in_arles.jpg
4.966860505378553,orchard_in_blossom_2,data/van_gogh/orchard_in_blossom_2.jpg
5.724911991511496,village_street_in_auvers,data/van_gogh/village_street_in_auvers.jpg
4.432993580081817,plaster_statuette_of_a_female_torso_6,data/van_gogh/plaster_statuette_of_a_female_torso_6.jpg
3.4146767884572364,landscape_at_sunset,data/van_gogh/landscape_at_sunset.jpg
5.298209741333223,wheat_fields_at_auvers_under_clouded_sky,data/van_gogh/wheat_fields_at_auvers_under_clouded_sky.jpg
4.056113461323877,ears_of_wheat,data/van_gogh/ears_of_wheat.jpg
4.741614205744413,trees_in_a_field_on_a_sunny_day,data/van_gogh/trees_in_a_field_on_a_sunny_day.jpg
4.338192847583329,the_pont_du_carrousel_and_the_louvre,data/van_gogh/the_pont_du_carrousel_and_the_louvre.jpg
2.2110196430129934,self-portrait_11,data/van_gogh/self-portrait_11.jpg
4.706634591022814,"still_life_with_oranges,_lemons_and_blue_gloves","data/van_gogh/still_life_with_oranges,_lemons_and_blue_gloves.jpg"
3.61662159216422,plaster_statuette_of_a_female_torso_2,data/van_gogh/plaster_statuette_of_a_female_torso_2.jpg
5.491006871472662,view_of_the_church_of_saint-paul-de-mausole,data/van_gogh/view_of_the_church_of_saint-paul-de-mausole.jpg
4.481866113206047,the_fourteenth_of_july_celebration_in_paris,data/van_gogh/the_fourteenth_of_july_celebration_in_paris.jpg
3.9668902715209975,interior_of_a_restaurant_in_arles,data/van_gogh/interior_of_a_restaurant_in_arles.jpg
4.463546685846511,willows_at_sunset,data/van_gogh/willows_at_sunset.jpg
3.066679399848568,l_arlesienne_madame_ginoux_4,data/van_gogh/l_arlesienne_madame_ginoux_4.jpg
4.508234551380206,still_life_vase_with_irises,data/van_gogh/still_life_vase_with_irises.jpg
4.503970884824849,the_baby_marcelle_roulin_3,data/van_gogh/the_baby_marcelle_roulin_3.jpg
4.296205542176464,the_brothel,data/van_gogh/the_brothel.jpg
3.945000562622623,portrait_of_madame_trabuc,data/van_gogh/portrait_of_madame_trabuc.jpg
4.070910401286616,still_life_with_grapes,data/van_gogh/still_life_with_grapes.jpg
4.838173985299296,les_peiroulets_ravine,data/van_gogh/les_peiroulets_ravine.jpg
4.509053838241248,"sheep-shearers,_the_after_millet","data/van_gogh/sheep-shearers,_the_after_millet.jpg"
4.04969622685819,plaster_statuette_of_a_male_torso,data/van_gogh/plaster_statuette_of_a_male_torso.jpg
3.9558491005734178,trees_and_undergrowth,data/van_gogh/trees_and_undergrowth.jpg
6.103591072423704,blossoming_chestnut_branches,data/van_gogh/blossoming_chestnut_branches.jpg
4.7553468598706266,wheat_fields_near_auvers,data/van_gogh/wheat_fields_near_auvers.jpg
5.458458990416644,"still_life_with_plaster_statuette,_a_rose_and_two_novels","data/van_gogh/still_life_with_plaster_statuette,_a_rose_and_two_novels.jpg"
3.7711426806911925,the_baby_marcelle_roulin_2,data/van_gogh/the_baby_marcelle_roulin_2.jpg
5.488192667837827,irises,data/van_gogh/irises.jpg
5.048579810325023,spectators_in_the_arena_at_arles,data/van_gogh/spectators_in_the_arena_at_arles.jpg
4.999124748482033,wheat_field_with_cypresses,data/van_gogh/wheat_field_with_cypresses.jpg
4.042481843522088,a_pair_of_shoes,data/van_gogh/a_pair_of_shoes.jpg
4.426137420151268,plaster_statuette_of_a_female_torso_3,data/van_gogh/plaster_statuette_of_a_female_torso_3.jpg
4.659419873885547,still_life_vase_with_roses,data/van_gogh/still_life_vase_with_roses.jpg
4.5759687530452355,enclosed_field_with_rising_sun,data/van_gogh/enclosed_field_with_rising_sun.jpg
5.006435104032167,chestnut_tree_in_blossom,data/van_gogh/chestnut_tree_in_blossom.jpg
3.8007478070408243,self-portrait_10,data/van_gogh/self-portrait_10.jpg
5.21592726227534,the_langlois_bridge_at_arles,data/van_gogh/the_langlois_bridge_at_arles.jpg
4.356188936956277,tree_trunks_with_ivy,data/van_gogh/tree_trunks_with_ivy.jpg
3.6534638158869,still_life_vase_with_fifteen_sunflowers_2,data/van_gogh/still_life_vase_with_fifteen_sunflowers_2.jpg
3.8237114284938194,view_of_the_roofs_of_paris,data/van_gogh/view_of_the_roofs_of_paris.jpg
4.869745642402176,field_with_stacks_of_wheat,data/van_gogh/field_with_stacks_of_wheat.jpg
2.9320422884544195,new-born_calf_lying_on_straw,data/van_gogh/new-born_calf_lying_on_straw.jpg
2.467050097908024,head_of_a_woman_9,data/van_gogh/head_of_a_woman_9.jpg
3.4502323759025746,three_pairs_of_shoes,data/van_gogh/three_pairs_of_shoes.jpg
3.6082876382080724,vase_with_zinnias,data/van_gogh/vase_with_zinnias.jpg
4.382756086119345,the_sower,data/van_gogh/the_sower.jpg
3.789102896334062,"a_girl_in_the_street,_two_coaches_in_the_background","data/van_gogh/a_girl_in_the_street,_two_coaches_in_the_background.jpg"
2.505942163859564,self-portrait_with_dark_felt_hat,data/van_gogh/self-portrait_with_dark_felt_hat.jpg
5.106422367249815,wheat_field_behind_saint-paul_hospital,data/van_gogh/wheat_field_behind_saint-paul_hospital.jpg
3.356684067226142,head_of_a_peasant_woman_with_white_cap_7,data/van_gogh/head_of_a_peasant_woman_with_white_cap_7.jpg
4.571888878847852,"sower,_the_after_millet","data/van_gogh/sower,_the_after_millet.jpg"
5.216556482552203,still_life_vase_with_flower_and_thistles,data/van_gogh/still_life_vase_with_flower_and_thistles.jpg
4.972436012470075,view_of_vessenots_near_auvers,data/van_gogh/view_of_vessenots_near_auvers.jpg
4.951053226180205,still_life_with_decanter_and_lemons_on_a_plate,data/van_gogh/still_life_with_decanter_and_lemons_on_a_plate.jpg
5.262237514102088,marguerite_gachet_in_the_garden,data/van_gogh/marguerite_gachet_in_the_garden.jpg
3.7221034650338596,head_of_a_peasant_woman_with_white_cap_6,data/van_gogh/head_of_a_peasant_woman_with_white_cap_6.jpg
4.792438201040828,wheat_field_with_sheaves,data/van_gogh/wheat_field_with_sheaves.jpg
5.315706157587909,flowering_garden,data/van_gogh/flowering_garden.jpg
3.832860966261033,self-portrait_with_a_japanese_print,data/van_gogh/self-portrait_with_a_japanese_print.jpg
5.055275167809019,village_street_and_steps_in_auvers_with_two_figures,data/van_gogh/village_street_and_steps_in_auvers_with_two_figures.jpg
4.833553304490601,blossoming_almond_tree,data/van_gogh/blossoming_almond_tree.jpg
5.142156006065795,olive_grove_pale_blue_sky,data/van_gogh/olive_grove_pale_blue_sky.jpg
5.005082896400205,farmhouse_with_two_figures,data/van_gogh/farmhouse_with_two_figures.jpg
1.6705428099407877,head_of_a_woman_8,data/van_gogh/head_of_a_woman_8.jpg
4.954888960770406,view_of_auvers_with_church,data/van_gogh/view_of_auvers_with_church.jpg
4.545353108224934,"vase_with_flowers,_coffeepot_and_fruit","data/van_gogh/vase_with_flowers,_coffeepot_and_fruit.jpg"
3.7723058392529474,snowy_landscape_with_arles_in_the_background,data/van_gogh/snowy_landscape_with_arles_in_the_background.jpg
3.8101236491786366,still_life_vase_with_fifteen_sunflowers_3,data/van_gogh/still_life_vase_with_fifteen_sunflowers_3.jpg
4.764267135795639,wheat_field_at_auvers_with_white_house,data/van_gogh/wheat_field_at_auvers_with_white_house.jpg
4.911179369547119,thistles,data/van_gogh/thistles.jpg
4.55093707676037,still_life_vase_with_rose-mallows,data/van_gogh/still_life_vase_with_rose-mallows.jpg
3.8256158605639454,vase_with_carnations_and_roses_and_a_bottle,data/van_gogh/vase_with_carnations_and_roses_and_a_bottle.jpg
4.683051933744643,three_white_cottages_in_saintes-maries,data/van_gogh/three_white_cottages_in_saintes-maries.jpg
3.7597022569416394,"still_life_with_grapes,_pears_and_lemons","data/van_gogh/still_life_with_grapes,_pears_and_lemons.jpg"
4.675908198818155,two_thistles,data/van_gogh/two_thistles.jpg
4.079367294345905,bulb_fields,data/van_gogh/bulb_fields.jpg
5.223524978929232,self-portrait_with_pipe_and_straw_hat,data/van_gogh/self-portrait_with_pipe_and_straw_hat.jpg
2.543275124669043,basket_of_apples_2,data/van_gogh/basket_of_apples_2.jpg
4.428698898300534,mother_roulin_with_her_baby,data/van_gogh/mother_roulin_with_her_baby.jpg
5.006315276537595,orchard_in_blossom,data/van_gogh/orchard_in_blossom.jpg
5.4890566018437275,landscape_at_auvers_in_the_rain,data/van_gogh/landscape_at_auvers_in_the_rain.jpg
5.463607760408817,two_cut_sunflowers_3,data/van_gogh/two_cut_sunflowers_3.jpg
2.517996248595918,head_of_a_peasant_woman_with_greenish_lace_cap,data/van_gogh/head_of_a_peasant_woman_with_greenish_lace_cap.jpg
5.524060305159002,pink_peach_tree_in_blossom_reminiscence_of_mauve,data/van_gogh/pink_peach_tree_in_blossom_reminiscence_of_mauve.jpg
3.717184754289741,self-portrait_with_dark_felt_hat_at_the_easel,data/van_gogh/self-portrait_with_dark_felt_hat_at_the_easel.jpg
3.878629551753997,the_seine_with_a_rowing_boat,data/van_gogh/the_seine_with_a_rowing_boat.jpg
1.594490133771888,head_of_a_woman_5,data/van_gogh/head_of_a_woman_5.jpg
4.8336637797048345,landscape_with_couple_walking_and_crescent_moon,data/van_gogh/landscape_with_couple_walking_and_crescent_moon.jpg
4.008773857927844,man_stooping_with_stick_or_spade,data/van_gogh/man_stooping_with_stick_or_spade.jpg
1.4927299087923391,baskets_of_potatoes,data/van_gogh/baskets_of_potatoes.jpg
3.7954504599387775,portrait_of_camille_roulin_2,data/van_gogh/portrait_of_camille_roulin_2.jpg
5.157888192477575,olive_trees_bright_blue_sky,data/van_gogh/olive_trees_bright_blue_sky.jpg
3.6333629143333854,avenue_of_poplars_in_autumn,data/van_gogh/avenue_of_poplars_in_autumn.jpg
4.581223656926727,"portrait_of_milliet,_second_lieutenant_of_the_zouaves","data/van_gogh/portrait_of_milliet,_second_lieutenant_of_the_zouaves.jpg"
4.618506072586956,the_road_menders,data/van_gogh/the_road_menders.jpg
3.652614571233918,undergrowth_b,data/van_gogh/undergrowth_b.jpg
4.94577541162368,portrait_of_a_young_peasant,data/van_gogh/portrait_of_a_young_peasant.jpg
2.7504938725505497,head_of_a_woman_4,data/van_gogh/head_of_a_woman_4.jpg
5.340009743380561,vincent_s_bedroom_in_arlesb,data/van_gogh/vincent_s_bedroom_in_arlesb.jpg
4.0339076951906945,portrait_of_the_artist_s_mother,data/van_gogh/portrait_of_the_artist_s_mother.jpg
4.484433459179409,sunset_wheat_fields_near_arles,data/van_gogh/sunset_wheat_fields_near_arles.jpg
3.865128177040573,"gordina_de_groot,_head","data/van_gogh/gordina_de_groot,_head.jpg"
5.0667104441837,still_life_glass_with_wild_flowers,data/van_gogh/still_life_glass_with_wild_flowers.jpg
4.558430269702867,the_seine_with_the_pont_de_la_grande_jette,data/van_gogh/the_seine_with_the_pont_de_la_grande_jette.jpg
4.7087280133271765,the_bridge_at_trinquetaille,data/van_gogh/the_bridge_at_trinquetaille.jpg
3.5268365966597393,head_of_a_peasant,data/van_gogh/head_of_a_peasant.jpg
4.646836950034795,cottages_reminiscence_of_the_north,data/van_gogh/cottages_reminiscence_of_the_north.jpg
4.531924276941845,two_cut_sunflowers_2,data/van_gogh/two_cut_sunflowers_2.jpg
5.303450432698445,wheat_field_with_crows,data/van_gogh/wheat_field_with_crows.jpg
2.6284532880890548,still_life_with_bloaters,data/van_gogh/still_life_with_bloaters.jpg
4.326062719905219,vase_with_gladioli,data/van_gogh/vase_with_gladioli.jpg
5.0802724705925915,self-portrait_with_straw_hat_3,data/van_gogh/self-portrait_with_straw_hat_3.jpg
3.7853903765440187,portrait_of_adeline_ravoux,data/van_gogh/portrait_of_adeline_ravoux.jpg
3.412021500370232,cottages,data/van_gogh/cottages.jpg
4.70582260254638,self-portrait_2,data/van_gogh/self-portrait_2.jpg
4.532106376636614,two_peasants_digging,data/van_gogh/two_peasants_digging.jpg
1.7169242754501164,basket_of_potatoes_2,data/van_gogh/basket_of_potatoes_2.jpg
5.109909766885973,self-portrait_with_grey_felt_hat,data/van_gogh/self-portrait_with_grey_felt_hat.jpg
1.935651761621078,head_of_a_peasant_with_cap,data/van_gogh/head_of_a_peasant_with_cap.jpg
4.735776094953598,a_lane_near_arles,data/van_gogh/a_lane_near_arles.jpg
3.100569744160873,head_of_a_young_peasant_woman_with_dark_cap,data/van_gogh/head_of_a_young_peasant_woman_with_dark_cap.jpg
5.083232833244482,"still_life_with_apples,_pears,_lemons_and_grapes","data/van_gogh/still_life_with_apples,_pears,_lemons_and_grapes.jpg"
4.253635089432332,la_berceuse_augustine_roulin_2,data/van_gogh/la_berceuse_augustine_roulin_2.jpg
3.471892496440951,head_of_a_woman,data/van_gogh/head_of_a_woman.jpg
4.119636605641974,lane_with_poplars,data/van_gogh/lane_with_poplars.jpg
4.196809753040979,wheat_fields_with_stacks,data/van_gogh/wheat_fields_with_stacks.jpg
5.204041196399596,view_of_arles_with_irises_in_the_foreground,data/van_gogh/view_of_arles_with_irises_in_the_foreground.jpg
4.848037889587592,self-portrait_with_straw_hat,data/van_gogh/self-portrait_with_straw_hat.jpg
5.358579993637566,two_children,data/van_gogh/two_children.jpg
3.8753872259380775,olive_trees_against_a_slope_of_a_hill,data/van_gogh/olive_trees_against_a_slope_of_a_hill.jpg
5.022159178717,haystacks_under_a_rainy_sky,data/van_gogh/haystacks_under_a_rainy_sky.jpg
5.194256716318341,vase_with_carnations_and_other_flowers,data/van_gogh/vase_with_carnations_and_other_flowers.jpg
3.4391444986386874,head_of_a_peasant_woman_with_white_cap_8,data/van_gogh/head_of_a_peasant_woman_with_white_cap_8.jpg
4.589506846899915,walk_along_the_banks_of_the_seine_near_asnieres,data/van_gogh/walk_along_the_banks_of_the_seine_near_asnieres.jpg
5.292294391112077,a_meadow_in_the_mountains_le_mas_de_saint-paul,data/van_gogh/a_meadow_in_the_mountains_le_mas_de_saint-paul.jpg
3.87343866956849,landscape_with_snow,data/van_gogh/landscape_with_snow.jpg
3.7276861228418396,still_life_with_a_basket_of_crocuses,data/van_gogh/still_life_with_a_basket_of_crocuses.jpg
3.4565654218305752,head_of_a_peasant_woman_with_white_cap_9,data/van_gogh/head_of_a_peasant_woman_with_white_cap_9.jpg
4.711497650425697,"sheaf-binder,_the_after_millet","data/van_gogh/sheaf-binder,_the_after_millet.jpg"
4.651059950398927,the_iris,data/van_gogh/the_iris.jpg
3.501368808134805,portrait_of_doctor_felix_rey,data/van_gogh/portrait_of_doctor_felix_rey.jpg
5.011491131652359,street_in_saintes-maries,data/van_gogh/street_in_saintes-maries.jpg
5.214663700734417,view_of_paris_from_vincent_s_room_in_the_rue_lepic,data/van_gogh/view_of_paris_from_vincent_s_room_in_the_rue_lepic.jpg
4.4755064752513505,the_bois_de_boulogne_with_people_walking,data/van_gogh/the_bois_de_boulogne_with_people_walking.jpg
2.104970528762013,cottage_with_trees_and_peasant_woman,data/van_gogh/cottage_with_trees_and_peasant_woman.jpg
4.854893028691411,fishing_boats_on_the_beach_at_saintes-maries,data/van_gogh/fishing_boats_on_the_beach_at_saintes-maries.jpg
3.852047921668391,plaster_statuette_of_a_horse,data/van_gogh/plaster_statuette_of_a_horse.jpg
3.1883199205439,head_of_a_woman_7,data/van_gogh/head_of_a_woman_7.jpg
5.047681214773572,la_berceuse_augustine_roulin_3,data/van_gogh/la_berceuse_augustine_roulin_3.jpg
3.5679238797604427,pieta_after_delacroix,data/van_gogh/pieta_after_delacroix.jpg
3.1018572071708155,peasant_burning_weeds,data/van_gogh/peasant_burning_weeds.jpg
5.163243533637698,vase_with_daisies_and_anemones,data/van_gogh/vase_with_daisies_and_anemones.jpg
3.2378475512169365,avenue_of_poplars_at_sunset,data/van_gogh/avenue_of_poplars_at_sunset.jpg
4.868399462895126,the_house_of_pere_eloi,data/van_gogh/the_house_of_pere_eloi.jpg
5.4663173582323905,field_with_wheat_stacks,data/van_gogh/field_with_wheat_stacks.jpg
4.05453605496589,self-portrait_3,data/van_gogh/self-portrait_3.jpg
4.82432174376276,self-portrait_3b,data/van_gogh/self-portrait_3b.jpg
4.733575967354932,portrait_of_patience_escalier,data/van_gogh/portrait_of_patience_escalier.jpg
4.9323722164432,the_plough_and_the_harrow_after_millet,data/van_gogh/the_plough_and_the_harrow_after_millet.jpg
4.175002988962844,vase_with_hollyhocks,data/van_gogh/vase_with_hollyhocks.jpg
4.118930030317116,wheat_field_behind_saint-paul_hospital_with_a_reaper,data/van_gogh/wheat_field_behind_saint-paul_hospital_with_a_reaper.jpg
4.66275966858123,le_mont_gaussier_with_the_mas_de_saint-paul,data/van_gogh/le_mont_gaussier_with_the_mas_de_saint-paul.jpg
4.044979172231858,self-portrait_with_straw_hat_2,data/van_gogh/self-portrait_with_straw_hat_2.jpg
2.744286879064814,head_of_a_peasant_woman_3,data/van_gogh/head_of_a_peasant_woman_3.jpg
3.131531511669874,beer_tankards,data/van_gogh/beer_tankards.jpg
3.8566923033894414,vase_with_asters_and_phlox,data/van_gogh/vase_with_asters_and_phlox.jpg
4.5278025258655195,self-portrait_a,data/van_gogh/self-portrait_a.jpg
4.744194371806681,self-portrait_2b,data/van_gogh/self-portrait_2b.jpg
3.7456910554481477,self-portrait_7,data/van_gogh/self-portrait_7.jpg
4.2865022455178154,landscape_with_dunes,data/van_gogh/landscape_with_dunes.jpg
4.080891582770876,great_peacock_moth,data/van_gogh/great_peacock_moth.jpg
4.392128079841816,pine_trees_with_figure_in_the_garden_of_saint-paul_hospital,data/van_gogh/pine_trees_with_figure_in_the_garden_of_saint-paul_hospital.jpg
4.535287069707378,farmhouse_in_a_wheat_field,data/van_gogh/farmhouse_in_a_wheat_field.jpg
5.2576745720779705,enclosed_wheat_field_with_peasant,data/van_gogh/enclosed_wheat_field_with_peasant.jpg
2.8362202565022288,flying_fox,data/van_gogh/flying_fox.jpg
3.0624140210966777,head_of_a_woman_3,data/van_gogh/head_of_a_woman_3.jpg
4.595995695689147,quay_with_men_unloading_sand_barges,data/van_gogh/quay_with_men_unloading_sand_barges.jpg
4.7533529175278355,blossoming_almond_branch_in_a_glass,data/van_gogh/blossoming_almond_branch_in_a_glass.jpg
4.807021796816547,the_green_vineyard,data/van_gogh/the_green_vineyard.jpg
2.117804981762416,head_of_an_old_peasant_woman_with_white_cap_2,data/van_gogh/head_of_an_old_peasant_woman_with_white_cap_2.jpg
5.065748562773556,half_figure_of_an_angel_after_rembrandt,data/van_gogh/half_figure_of_an_angel_after_rembrandt.jpg
4.934800199077047,vincent_s_house_in_arles_the_yellow_house,data/van_gogh/vincent_s_house_in_arles_the_yellow_house.jpg
5.809358658600133,the_langlois_bridge_at_arles_with_women_washing,data/van_gogh/the_langlois_bridge_at_arles_with_women_washing.jpg
4.3832744073363585,the_woodcutter_after_millet,data/van_gogh/the_woodcutter_after_millet.jpg
2.501179629305691,bobbin_winder,data/van_gogh/bobbin_winder.jpg
5.021446101024838,road_with_cypress_and_star,data/van_gogh/road_with_cypress_and_star.jpg
4.12754842665001,undergrowth_2,data/van_gogh/undergrowth_2.jpg
1.7736125187281702,head_of_a_woman_2,data/van_gogh/head_of_a_woman_2.jpg
4.988192467145726,green_wheat_field_2,data/van_gogh/green_wheat_field_2.jpg
3.108339053185365,skull_with_burning_cigarette,data/van_gogh/skull_with_burning_cigarette.jpg
4.747341023536952,"vase_with_lilacs,_daisies_and_anemones","data/van_gogh/vase_with_lilacs,_daisies_and_anemones.jpg"
4.909129870484676,the_rispal_restaurant_at_asnieres,data/van_gogh/the_rispal_restaurant_at_asnieres.jpg
3.9912073459393556,self-portrait_6,data/van_gogh/self-portrait_6.jpg
5.156173911068608,portrait_of_pere_tanguy,data/van_gogh/portrait_of_pere_tanguy.jpg
2.7441479765366683,self-portrait_with_pipe,data/van_gogh/self-portrait_with_pipe.jpg
4.665025167139742,view_of_a_river_with_rowing_boats,data/van_gogh/view_of_a_river_with_rowing_boats.jpg
4.245179806122229,the_grove,data/van_gogh/the_grove.jpg
4.2911888607314115,the_dance_hall_in_arles,data/van_gogh/the_dance_hall_in_arles.jpg
5.305658096649699,plain_near_auvers,data/van_gogh/plain_near_auvers.jpg
3.9246088702579267,head_of_a_peasant_with_a_pipe,data/van_gogh/head_of_a_peasant_with_a_pipe.jpg
3.337700156723751,still_life_with_three_books,data/van_gogh/still_life_with_three_books.jpg
4.444404851208294,self-portrait_with_straw_hat_5,data/van_gogh/self-portrait_with_straw_hat_5.jpg
4.480081201787234,self-portrait_b,data/van_gogh/self-portrait_b.jpg
3.1391042150720945,vase_with_carnations_2,data/van_gogh/vase_with_carnations_2.jpg
4.100240610065917,self-portrait_4,data/van_gogh/self-portrait_4.jpg
4.242253004681523,the_road_menders_2,data/van_gogh/the_road_menders_2.jpg
4.507478928826279,view_of_saintes-maries,data/van_gogh/view_of_saintes-maries.jpg
4.734594805278249,plaster_statuette_of_a_female_torso_8,data/van_gogh/plaster_statuette_of_a_female_torso_8.jpg
5.229515727456177,landscape_with_carriage_and_train_in_the_background,data/van_gogh/landscape_with_carriage_and_train_in_the_background.jpg
4.637785773048484,orchard_with_blossoming_apricot_trees,data/van_gogh/orchard_with_blossoming_apricot_trees.jpg
3.86844560176574,la_berceuse_augustine_roulin_4,data/van_gogh/la_berceuse_augustine_roulin_4.jpg
5.449320962930935,flowering_garden_with_path,data/van_gogh/flowering_garden_with_path.jpg
4.409352107027916,rosebush_in_blossom,data/van_gogh/rosebush_in_blossom.jpg
4.972253009919577,wheat_field_under_clouded_sky,data/van_gogh/wheat_field_under_clouded_sky.jpg
3.891527706952795,vase_with_red_and_white_carnations_on_yellow_background,data/van_gogh/vase_with_red_and_white_carnations_on_yellow_background.jpg
4.696238494199007,thatched_cottages_in_jorgus,data/van_gogh/thatched_cottages_in_jorgus.jpg
4.545104494868636,landscape_under_a_stormy_sky,data/van_gogh/landscape_under_a_stormy_sky.jpg
5.1532962481431435,still_life_with_lemons_on_a_plate,data/van_gogh/still_life_with_lemons_on_a_plate.jpg
5.164829779549891,the_mulberry_tree,data/van_gogh/the_mulberry_tree.jpg
4.594250163958498,study_of_pine_trees,data/van_gogh/study_of_pine_trees.jpg
5.241425725735453,"portrait_of_patience_escalier,_shepherd_in_provence","data/van_gogh/portrait_of_patience_escalier,_shepherd_in_provence.jpg"
4.740419862801375,cypresses,data/van_gogh/cypresses.jpg
3.353312861683848,"vase_with_asters,_salvia_and_other_flowers","data/van_gogh/vase_with_asters,_salvia_and_other_flowers.jpg"
4.663242555989062,vincent_s_chair_with_his_pipe,data/van_gogh/vincent_s_chair_with_his_pipe.jpg
2.086974351338082,head_of_a_young_peasant_in_a_peaked_cap,data/van_gogh/head_of_a_young_peasant_in_a_peaked_cap.jpg
4.912315157149067,still_life_with_french_novels_and_a_rose,data/van_gogh/still_life_with_french_novels_and_a_rose.jpg
5.184045062264405,old_man_in_sorrow_on_the_threshold_of_eternity,data/van_gogh/old_man_in_sorrow_on_the_threshold_of_eternity.jpg
4.721334209432001,wheat_field_with_the_alpilles_foothills_in_the_background,data/van_gogh/wheat_field_with_the_alpilles_foothills_in_the_background.jpg
4.525090629542446,ward_in_the_hospital_in_arles,data/van_gogh/ward_in_the_hospital_in_arles.jpg
5.324086658804053,wheat_field_with_cornflowers,data/van_gogh/wheat_field_with_cornflowers.jpg
4.696003951047212,the_baby_marcelle_roulin,data/van_gogh/the_baby_marcelle_roulin.jpg
3.4848499244959084,vase_with_carnations_3,data/van_gogh/vase_with_carnations_3.jpg
3.1957997436528136,self-portrait_5,data/van_gogh/self-portrait_5.jpg
4.654644948850234,still_life_vase_with_twelve_sunflowers,data/van_gogh/still_life_vase_with_twelve_sunflowers.jpg
4.618766441921487,portrait_of_doctor_gachet,data/van_gogh/portrait_of_doctor_gachet.jpg
4.820135305026623,self-portrait_with_straw_hat_4,data/van_gogh/self-portrait_with_straw_hat_4.jpg
5.405648178528977,houses_in_auvers_2,data/van_gogh/houses_in_auvers_2.jpg
3.6923377577362855,head_of_a_woman_with_her_hair_loose,data/van_gogh/head_of_a_woman_with_her_hair_loose.jpg
3.6024103981889923,head_of_an_old_woman_with_white_cap_the_midwife,data/van_gogh/head_of_an_old_woman_with_white_cap_the_midwife.jpg
3.5790448093065717,coal_barges_2,data/van_gogh/coal_barges_2.jpg
3.9806964998238854,cottage_with_peasant_coming_home,data/van_gogh/cottage_with_peasant_coming_home.jpg
4.422119571498989,vegetable_garden_in_montmartre,data/van_gogh/vegetable_garden_in_montmartre.jpg
3.0319151357212553,the_green_parrot,data/van_gogh/the_green_parrot.jpg
4.516322694249218,blossoming_acacia_branches,data/van_gogh/blossoming_acacia_branches.jpg
4.949340187142548,self-portrait_with_bandaged_ear,data/van_gogh/self-portrait_with_bandaged_ear.jpg
2.5875395419826543,head_of_an_old_peasant_woman_with_white_cap,data/van_gogh/head_of_an_old_peasant_woman_with_white_cap.jpg
3.8171610052115184,peasant_and_peasant_woman_planting_potatoes,data/van_gogh/peasant_and_peasant_woman_planting_potatoes.jpg
3.3686690862303466,roses_and_beetle,data/van_gogh/roses_and_beetle.jpg
4.62498438184406,wheat_field,data/van_gogh/wheat_field.jpg
5.478941977134551,bank_of_the_oise_at_auvers,data/van_gogh/bank_of_the_oise_at_auvers.jpg
4.3813552237914974,cottages_and_cypresses_reminiscence_of_the_north,data/van_gogh/cottages_and_cypresses_reminiscence_of_the_north.jpg
5.459647060132031,wheat_field_with_cypresses_at_the_haute_galline_near_eygalieres,data/van_gogh/wheat_field_with_cypresses_at_the_haute_galline_near_eygalieres.jpg
4.931790504813645,peasant_woman_cutting_straw_after_millet,data/van_gogh/peasant_woman_cutting_straw_after_millet.jpg
4.398688607617839,congregation_leaving_the_reformed_church_in_nuenen,data/van_gogh/congregation_leaving_the_reformed_church_in_nuenen.jpg
4.740910621541383,blossoming_almond_branch_in_a_glass_with_a_book,data/van_gogh/blossoming_almond_branch_in_a_glass_with_a_book.jpg
4.932048734595132,the_reaper_after_millet,data/van_gogh/the_reaper_after_millet.jpg
2.62896406047692,autumn_landscape_at_dusk,data/van_gogh/autumn_landscape_at_dusk.jpg
3.9746494895194044,farm_with_stacks_of_peat,data/van_gogh/farm_with_stacks_of_peat.jpg
4.545253053672893,paul_gauguin_man_in_a_red_beret,data/van_gogh/paul_gauguin_man_in_a_red_beret.jpg
4.100833781353929,tambourine_with_pansies,data/van_gogh/tambourine_with_pansies.jpg
4.635501654675048,still_life_with_basket_and_six_oranges,data/van_gogh/still_life_with_basket_and_six_oranges.jpg
3.080492000364669,head_of_a_peasant_woman_with_dark_cap_4,data/van_gogh/head_of_a_peasant_woman_with_dark_cap_4.jpg
3.988983621733684,still_life_bloaters_on_a_piece_of_yellow_paper,data/van_gogh/still_life_bloaters_on_a_piece_of_yellow_paper.jpg
2.932621873398064,still_life_with_scabiosa_and_ranunculus,data/van_gogh/still_life_with_scabiosa_and_ranunculus.jpg
1.7397553625437587,head_of_a_peasant_woman_with_dark_cap_5,data/van_gogh/head_of_a_peasant_woman_with_dark_cap_5.jpg
4.1119752588410385,the_sower_outskirts_of_arles_in_the_background,data/van_gogh/the_sower_outskirts_of_arles_in_the_background.jpg
5.100291002130111,"portrait_of_trabuc,_an_attendant_at_saint-paul_hospital","data/van_gogh/portrait_of_trabuc,_an_attendant_at_saint-paul_hospital.jpg"
4.305893873355624,olive_picking,data/van_gogh/olive_picking.jpg
3.957601570536892,view_of_roofs_and_backs_of_houses,data/van_gogh/view_of_roofs_and_backs_of_houses.jpg
5.013130568475708,"orchard_in_blossom,_bordered_by_cypresses","data/van_gogh/orchard_in_blossom,_bordered_by_cypresses.jpg"
4.657143150101064,vase_with_red_poppies,data/van_gogh/vase_with_red_poppies.jpg
4.1328903914158195,woman_sitting_by_a_cradle,data/van_gogh/woman_sitting_by_a_cradle.jpg
4.432376474952131,the_poet_s_garden,data/van_gogh/the_poet_s_garden.jpg
4.893817487663282,starry_night_over_the_rhone,data/van_gogh/starry_night_over_the_rhone.jpg
3.814637284631248,portrait_of_a_woman_madame_tanguy,data/van_gogh/portrait_of_a_woman_madame_tanguy.jpg
5.345468183645827,still_life_glass_with_carnations,data/van_gogh/still_life_glass_with_carnations.jpg
1.3927077102213181,still_life_with_bloaters_2,data/van_gogh/still_life_with_bloaters_2.jpg
5.059848991128465,two_children_2,data/van_gogh/two_children_2.jpg
3.038837280123105,portrait_of_the_postman_joseph_roulin_6,data/van_gogh/portrait_of_the_postman_joseph_roulin_6.jpg
4.683051449926242,still_life_japanese_vase_with_roses_and_anemones,data/van_gogh/still_life_japanese_vase_with_roses_and_anemones.jpg
5.151628559293943,young_girl_standing_against_a_background_of_wheat,data/van_gogh/young_girl_standing_against_a_background_of_wheat.jpg
3.615182930209925,the_garden_of_saint-paul_hospital_with_figure,data/van_gogh/the_garden_of_saint-paul_hospital_with_figure.jpg
2.3313570015116554,basket_of_apples,data/van_gogh/basket_of_apples.jpg
4.706341314136267,still_life_vase_with_twelve_sunflowers_2,data/van_gogh/still_life_vase_with_twelve_sunflowers_2.jpg
3.8174571378112288,view_of_paris_from_montmartre,data/van_gogh/view_of_paris_from_montmartre.jpg
3.738744421896673,two_women_in_the_moor,data/van_gogh/two_women_in_the_moor.jpg
4.949412267516402,wooden_sheds,data/van_gogh/wooden_sheds.jpg
3.640430361662835,vase_with_peonies,data/van_gogh/vase_with_peonies.jpg
4.542956969258896,portrait_of_the_postman_joseph_roulin_4,data/van_gogh/portrait_of_the_postman_joseph_roulin_4.jpg
3.4379965782881814,self-portrait_with_straw_hat_and_pipe,data/van_gogh/self-portrait_with_straw_hat_and_pipe.jpg
5.424271730289744,thatched_cottages_at_cordeville,data/van_gogh/thatched_cottages_at_cordeville.jpg
5.009660459081,railway_carriages,data/van_gogh/railway_carriages.jpg
3.6710549754560082,two_white_butterflies,data/van_gogh/two_white_butterflies.jpg
4.251750414774035,trees_and_undergrowth_2,data/van_gogh/trees_and_undergrowth_2.jpg
5.06435584657688,trees_in_the_garden_of_saint-paul_hospital,data/van_gogh/trees_in_the_garden_of_saint-paul_hospital.jpg
4.359821210196533,olive_grove_bright_blue_sky,data/van_gogh/olive_grove_bright_blue_sky.jpg
4.945831441780099,apricot_trees_in_blossom_2,data/van_gogh/apricot_trees_in_blossom_2.jpg
3.55027052703631,girl_in_white_in_the_woods,data/van_gogh/girl_in_white_in_the_woods.jpg
5.514736932660415,garden_in_auvers,data/van_gogh/garden_in_auvers.jpg
4.2192902963398575,les_alyscamps_2,data/van_gogh/les_alyscamps_2.jpg
4.920866172849401,the_painter_on_his_way_to_work,data/van_gogh/the_painter_on_his_way_to_work.jpg
4.298659939090877,entrance_to_a_quarry,data/van_gogh/entrance_to_a_quarry.jpg
3.840108977390585,farmers_planting_potatoes,data/van_gogh/farmers_planting_potatoes.jpg
4.25207223761773,lying_cow,data/van_gogh/lying_cow.jpg
4.6663319416183295,view_of_paris_from_vincent_s_room_in_the_rue_lepic_2,data/van_gogh/view_of_paris_from_vincent_s_room_in_the_rue_lepic_2.jpg
3.574309840434861,head_of_a_peasant_woman_with_dark_cap_7,data/van_gogh/head_of_a_peasant_woman_with_dark_cap_7.jpg
4.352111974018446,wheat_fields_with_auvers_in_the_background,data/van_gogh/wheat_fields_with_auvers_in_the_background.jpg
4.063436034601554,terrace_of_a_cafe_on_montmartre_la_guinguette,data/van_gogh/terrace_of_a_cafe_on_montmartre_la_guinguette.jpg
4.247817760521712,daubigny_s_garden,data/van_gogh/daubigny_s_garden.jpg
2.9297050337698587,head_of_a_peasant_woman_with_dark_cap_6,data/van_gogh/head_of_a_peasant_woman_with_dark_cap_6.jpg
4.737869688628389,the_house_of_pere_pilon,data/van_gogh/the_house_of_pere_pilon.jpg
4.576460760279417,landscape_with_trees_and_figures,data/van_gogh/landscape_with_trees_and_figures.jpg
4.310308591564651,wheat_field_with_reaper_and_sun,data/van_gogh/wheat_field_with_reaper_and_sun.jpg
5.495038817613411,starry_night,data/van_gogh/starry_night.jpg
4.458598532196263,les_alyscamps_3,data/van_gogh/les_alyscamps_3.jpg
4.776053539357668,pine_trees_and_dandelions_in_the_garden_of_saint-paul_hospital,data/van_gogh/pine_trees_and_dandelions_in_the_garden_of_saint-paul_hospital.jpg
4.239818529490904,portrait_of_the_postman_joseph_roulin_5,data/van_gogh/portrait_of_the_postman_joseph_roulin_5.jpg
4.451773231664243,"old_woman_of_arles,_an","data/van_gogh/old_woman_of_arles,_an.jpg"
4.9361070615542015,undergrowth_with_two_figures,data/van_gogh/undergrowth_with_two_figures.jpg
4.667412074851363,olive_trees,data/van_gogh/olive_trees.jpg
3.7081351458630545,landscape_with_pollard_willows,data/van_gogh/landscape_with_pollard_willows.jpg
4.004073606173317,evening_the_end_of_the_day_after_millet,data/van_gogh/evening_the_end_of_the_day_after_millet.jpg
4.985733844111759,the_gleize_bridge_over_the_vigueirat_canal,data/van_gogh/the_gleize_bridge_over_the_vigueirat_canal.jpg
3.7417490456899736,next_painting_2,data/van_gogh/next_painting_2.jpg
4.700219398718747,"still_life_bottle,_lemons_and_oranges","data/van_gogh/still_life_bottle,_lemons_and_oranges.jpg"
4.55221339425039,the_banks_of_the_seine_with_boats,data/van_gogh/the_banks_of_the_seine_with_boats.jpg
3.893060546350086,portrait_of_a_one-eyed_man,data/van_gogh/portrait_of_a_one-eyed_man.jpg
4.300671609312071,l_arlesienne_madame_ginoux,data/van_gogh/l_arlesienne_madame_ginoux.jpg
5.18067076188508,mountainous_landscape_behind_saint-paul_hospital,data/van_gogh/mountainous_landscape_behind_saint-paul_hospital.jpg
3.136959755000332,farmhouses_in_loosduinen_near_the_hague_at_twilight,data/van_gogh/farmhouses_in_loosduinen_near_the_hague_at_twilight.jpg
4.469811119030041,still_life_majolica_jug_with_wildflowers,data/van_gogh/still_life_majolica_jug_with_wildflowers.jpg
3.9392321513341186,sloping_path_in_montmartre,data/van_gogh/sloping_path_in_montmartre.jpg
3.925532122322629,still_life_vase_with_fifteen_sunflowers,data/van_gogh/still_life_vase_with_fifteen_sunflowers.jpg
3.9140350897646865,paul_gauguin_s_armchair,data/van_gogh/paul_gauguin_s_armchair.jpg
4.160886395598928,vase_with_carnations,data/van_gogh/vase_with_carnations.jpg
4.307593999062076,plaster_statuette_of_a_kneeling_man,data/van_gogh/plaster_statuette_of_a_kneeling_man.jpg
3.265612897153155,undergrowth_with_ivy,data/van_gogh/undergrowth_with_ivy.jpg
4.209302140655534,la_berceuse_augustine_roulin,data/van_gogh/la_berceuse_augustine_roulin.jpg
5.171620640132898,a_road_at_saint-remy_with_female_figure,data/van_gogh/a_road_at_saint-remy_with_female_figure.jpg
3.4047339623063193,head_of_a_peasant_woman_with_dark_cap_2,data/van_gogh/head_of_a_peasant_woman_with_dark_cap_2.jpg
4.940537242870104,farmhouse_in_provence,data/van_gogh/farmhouse_in_provence.jpg
5.204945452789154,the_old_mill,data/van_gogh/the_old_mill.jpg
3.3562105455985742,still_life_with_mussels_and_shrimps,data/van_gogh/still_life_with_mussels_and_shrimps.jpg
1.054709283547194,still_life_with_beer_mug_and_fruit,data/van_gogh/still_life_with_beer_mug_and_fruit.jpg
3.9781554952010514,a_lane_in_the_public_garden_at_arles,data/van_gogh/a_lane_in_the_public_garden_at_arles.jpg
5.061597734758078,two_diggers_among_trees,data/van_gogh/two_diggers_among_trees.jpg
4.770513634367772,the_red_vineyard,data/van_gogh/the_red_vineyard.jpg
5.028998830810395,woman_sitting_in_the_grass,data/van_gogh/woman_sitting_in_the_grass.jpg
4.519002035744453,the_still_life_with_abs,data/van_gogh/the_still_life_with_abs.jpg
5.493390361979886,the_bedroom,data/van_gogh/the_bedroom.jpg
4.832279192180556,the_public_park_at_arles,data/van_gogh/the_public_park_at_arles.jpg
4.035274309680502,l_arlesienne_madame_ginoux_with_books,data/van_gogh/l_arlesienne_madame_ginoux_with_books.jpg
5.06112974674477,the_banks_of_the_seine,data/van_gogh/the_banks_of_the_seine.jpg
4.8841745469846245,peasant_woman_with_a_rake_after_millet,data/van_gogh/peasant_woman_with_a_rake_after_millet.jpg
4.728952038709252,portrait_of_camille_roulin,data/van_gogh/portrait_of_camille_roulin.jpg
4.164258792752729,pine_trees_against_a_red_sky_with_setting_sun,data/van_gogh/pine_trees_against_a_red_sky_with_setting_sun.jpg
5.067592978156269,seascape_at_saintes-maries_2,data/van_gogh/seascape_at_saintes-maries_2.jpg
5.067849570460857,still_life_potatoes_in_a_yellow_dish,data/van_gogh/still_life_potatoes_in_a_yellow_dish.jpg
4.931269748327454,field_with_poppies,data/van_gogh/field_with_poppies.jpg
3.813233550343174,still_life_with_apples,data/van_gogh/still_life_with_apples.jpg
4.4865936645755164,the_little_stream,data/van_gogh/the_little_stream.jpg
5.044544000252688,tree_roots_and_trunks,data/van_gogh/tree_roots_and_trunks.jpg
3.7512064636990274,fisherman_on_the_beach,data/van_gogh/fisherman_on_the_beach.jpg
4.5526775924644545,the_little_arlesienne,data/van_gogh/the_little_arlesienne.jpg
4.251535130684713,les_peiroulets_ravine_2,data/van_gogh/les_peiroulets_ravine_2.jpg
5.46859364396466,thatched_cottages_by_a_hill,data/van_gogh/thatched_cottages_by_a_hill.jpg
4.078735664577929,the_sower_3,data/van_gogh/the_sower_3.jpg
4.952924826055739,peach_tree_in_blossom,data/van_gogh/peach_tree_in_blossom.jpg
4.009834910273231,portrait_of_the_postman_joseph_roulin_2,data/van_gogh/portrait_of_the_postman_joseph_roulin_2.jpg
4.148205679547007,vase_with_zinnias_and_other_flowers,data/van_gogh/vase_with_zinnias_and_other_flowers.jpg
4.010256166663254,cypresses_with_two_female_figures,data/van_gogh/cypresses_with_two_female_figures.jpg
4.344676574320164,cypresses_and_two_women,data/van_gogh/cypresses_and_two_women.jpg
4.95705536185041,the_smoker,data/van_gogh/the_smoker.jpg
3.6329102236201,portrait_of_a_woman_with_red_ribbon,data/van_gogh/portrait_of_a_woman_with_red_ribbon.jpg
5.1550076001785445,garden_behind_a_house,data/van_gogh/garden_behind_a_house.jpg
4.899427580346261,the_restaurant_de_la_sirene_at_asnieres,data/van_gogh/the_restaurant_de_la_sirene_at_asnieres.jpg
2.411988906623848,cottage_with_trees_3,data/van_gogh/cottage_with_trees_3.jpg
3.069130406877696,"still_life_with_apples,_meat_and_a_roll","data/van_gogh/still_life_with_apples,_meat_and_a_roll.jpg"
4.9149225351600805,self-portrait_in_front_of_the_easel,data/van_gogh/self-portrait_in_front_of_the_easel.jpg
5.288401033032856,evening_landscape_with_rising_moon,data/van_gogh/evening_landscape_with_rising_moon.jpg
5.217757021373938,still_life_red_poppies_and_daisies,data/van_gogh/still_life_red_poppies_and_daisies.jpg
3.370958335899517,self-portrait_with_pipe_and_glass,data/van_gogh/self-portrait_with_pipe_and_glass.jpg
4.227227188300873,crab_on_its_back,data/van_gogh/crab_on_its_back.jpg
5.427677306533329,two_peasant_women_digging_in_field_with_snow,data/van_gogh/two_peasant_women_digging_in_field_with_snow.jpg
3.798722011479647,portrait_of_a_patient_in_saint-paul_hospital,data/van_gogh/portrait_of_a_patient_in_saint-paul_hospital.jpg
4.725250560720287,field_with_ploughman_and_mill,data/van_gogh/field_with_ploughman_and_mill.jpg
5.332215274215611,the_seine_bridge_at_asnieres,data/van_gogh/the_seine_bridge_at_asnieres.jpg
3.246817373935484,head_of_a_brabant_peasant_woman_with_dark_cap,data/van_gogh/head_of_a_brabant_peasant_woman_with_dark_cap.jpg
4.439703120882184,noon_rest_from_work_after_millet,data/van_gogh/noon_rest_from_work_after_millet.jpg
5.071144599786701,olive_grove,data/van_gogh/olive_grove.jpg
2.768028743583381,portrait_of_the_postman_joseph_roulin,data/van_gogh/portrait_of_the_postman_joseph_roulin.jpg
4.44368388502254,portrait_of_the_postman_joseph_roulin_3,data/van_gogh/portrait_of_the_postman_joseph_roulin_3.jpg
3.5094306230828543,still_life_bowl_with_daisies,data/van_gogh/still_life_bowl_with_daisies.jpg
4.846197959091813,the_sower_2,data/van_gogh/the_sower_2.jpg
1.9473031994706984,head_of_a_peasant_woman_with_brownish_cap,data/van_gogh/head_of_a_peasant_woman_with_brownish_cap.jpg
4.567380033217594,les_peiroulets_ravine_3,data/van_gogh/les_peiroulets_ravine_3.jpg
4.656374848184542,still_life_vase_with_oleanders_and_books,data/van_gogh/still_life_vase_with_oleanders_and_books.jpg
4.376005005821137,enclosed_field_with_ploughman,data/van_gogh/enclosed_field_with_ploughman.jpg
