KL_DIVERGENCE,PAINTING_NAME,FILENAME
1.13747349762048,field_of_spring_wheat_at_sunrise,data/van_gogh/field_of_spring_wheat_at_sunrise.jpg
1.0055103497540745,vase_with_zinnias_and_geraniums,data/van_gogh/vase_with_zinnias_and_geraniums.jpg
1.672918393830063,autumn_landscape,data/van_gogh/autumn_landscape.jpg
0.9043953492047845,thatched_cottages_in_the_sunshine_reminiscence_of_the_north,data/van_gogh/thatched_cottages_in_the_sunshine_reminiscence_of_the_north.jpg
1.333774889716376,the_night_cafe_in_the_place_lamartine_in_arles,data/van_gogh/the_night_cafe_in_the_place_lamartine_in_arles.jpg
1.126575413257744,edge_of_a_wood,data/van_gogh/edge_of_a_wood.jpg
1.8920471327728088,the_seine_with_the_pont_de_clichy,data/van_gogh/the_seine_with_the_pont_de_clichy.jpg
0.6160604424649949,the_thresher_after_millet,data/van_gogh/the_thresher_after_millet.jpg
1.9944136738736744,the_white_orchard,data/van_gogh/the_white_orchard.jpg
0.7669908651004924,doctor_gachet_s_garden_in_auvers,data/van_gogh/doctor_gachet_s_garden_in_auvers.jpg
0.9267491993757838,evening_the_watch_after_millet,data/van_gogh/evening_the_watch_after_millet.jpg
1.8478675494667633,cluster_of_old_houses_with_the_new_church_in_the_hague,data/van_gogh/cluster_of_old_houses_with_the_new_church_in_the_hague.jpg
1.4254517512836742,peasants_lifting_potatoes,data/van_gogh/peasants_lifting_potatoes.jpg
0.5372053962327568,tree_trunks_with_ivy_2,data/van_gogh/tree_trunks_with_ivy_2.jpg
0.5739475879507002,chestnut_trees_in_blossom,data/van_gogh/chestnut_trees_in_blossom.jpg
1.1607066678215763,wheat_field_in_rain,data/van_gogh/wheat_field_in_rain.jpg
3.561588289094884,self-portrait_dedicated_to_paul_gauguin,data/van_gogh/self-portrait_dedicated_to_paul_gauguin.jpg
0.7336625434382534,"the_railway_bridge_over_avenue_montmajour,_arles","data/van_gogh/the_railway_bridge_over_avenue_montmajour,_arles.jpg"
1.378833814535697,farmhouses_in_a_wheat_field_near_arles,data/van_gogh/farmhouses_in_a_wheat_field_near_arles.jpg
1.1333478124814687,still_life_with_red_cabbages_and_onions,data/van_gogh/still_life_with_red_cabbages_and_onions.jpg
1.5524389097333493,still_life_vase_with_five_sunflowers,data/van_gogh/still_life_vase_with_five_sunflowers.jpg
1.27226563090115,la_crau_with_peach_trees_in_blossom,data/van_gogh/la_crau_with_peach_trees_in_blossom.jpg
0.9503782138412893,restaurant_de_la_sirene_at_asnieres,data/van_gogh/restaurant_de_la_sirene_at_asnieres.jpg
0.9798954850161465,olive_trees_with_the_alpilles_in_the_background,data/van_gogh/olive_trees_with_the_alpilles_in_the_background.jpg
1.329433206261766,cottage_with_decrepit_barn_and_stooping_woman,data/van_gogh/cottage_with_decrepit_barn_and_stooping_woman.jpg
2.577175886796399,the_schoolboy_camille_roulin,data/van_gogh/the_schoolboy_camille_roulin.jpg
1.3166085324824337,old_church_tower_at_nuenen_the_peasants_churchyard,data/van_gogh/old_church_tower_at_nuenen_the_peasants_churchyard.jpg
0.9596246709636062,view_of_the_sea_at_scheveningen,data/van_gogh/view_of_the_sea_at_scheveningen.jpg
1.7840550935043433,vase_with_carnations_and_zinnias,data/van_gogh/vase_with_carnations_and_zinnias.jpg
1.6630535065581222,vase_with_white_and_red_carnations,data/van_gogh/vase_with_white_and_red_carnations.jpg
1.5783996607821213,plaster_statuette_of_a_female_torso,data/van_gogh/plaster_statuette_of_a_female_torso.jpg
0.8826231376829159,the_fields,data/van_gogh/the_fields.jpg
1.187811632763624,encampment_of_gypsies_with_caravans,data/van_gogh/encampment_of_gypsies_with_caravans.jpg
3.0923712188739505,still_life_pink_roses,data/van_gogh/still_life_pink_roses.jpg
1.190202292282819,the_spinner,data/van_gogh/the_spinner.jpg
0.44642313879863976,thatched_sandstone_cottages_in_chaponval,data/van_gogh/thatched_sandstone_cottages_in_chaponval.jpg
1.8785007513917396,haystacks_in_provence,data/van_gogh/haystacks_in_provence.jpg
2.4065306440577205,prisoners_exercising_after_dore,data/van_gogh/prisoners_exercising_after_dore.jpg
1.9250734248259656,head_of_a_peasant_woman_in_a_green_shawl,data/van_gogh/head_of_a_peasant_woman_in_a_green_shawl.jpg
1.0438349313782538,olive_picking_3,data/van_gogh/olive_picking_3.jpg
0.4597991694318361,the_good_samaritan_after_delacroix,data/van_gogh/the_good_samaritan_after_delacroix.jpg
0.6359164534571851,view_of_auvers,data/van_gogh/view_of_auvers.jpg
0.6772619609171532,the_garden_of_saint-paul_hospital_2,data/van_gogh/the_garden_of_saint-paul_hospital_2.jpg
0.4165301268569656,memory_of_the_garden_at_etten,data/van_gogh/memory_of_the_garden_at_etten.jpg
0.8946576762584427,farmhouses_among_trees,data/van_gogh/farmhouses_among_trees.jpg
1.3759820317194504,skull_2,data/van_gogh/skull_2.jpg
2.0697823726510447,vase_with_red_gladioli_3,data/van_gogh/vase_with_red_gladioli_3.jpg
1.6498152868668177,at_the_foot_of_the_mountains,data/van_gogh/at_the_foot_of_the_mountains.jpg
0.9143313038704932,fisherman_s_wife_on_the_beach,data/van_gogh/fisherman_s_wife_on_the_beach.jpg
0.4573951862857343,trees_in_the_garden_of_saint-paul_hospital_3,data/van_gogh/trees_in_the_garden_of_saint-paul_hospital_3.jpg
1.6196360156288356,self-portrait_with_pipe_2,data/van_gogh/self-portrait_with_pipe_2.jpg
2.1288646018562916,arles_view_from_the_wheat_fields,data/van_gogh/arles_view_from_the_wheat_fields.jpg
0.8008899821423722,olive_grove_orange_sky,data/van_gogh/olive_grove_orange_sky.jpg
0.873627343327354,portrait_of_pere_tanguy_3,data/van_gogh/portrait_of_pere_tanguy_3.jpg
1.4179220024014738,vegetable_gardens_at_montmartre,data/van_gogh/vegetable_gardens_at_montmartre.jpg
1.1078140837862347,two_lovers_fragment,data/van_gogh/two_lovers_fragment.jpg
1.2529499857911308,coal_barges,data/van_gogh/coal_barges.jpg
0.6487570310291004,autumn_landscape_with_four_trees,data/van_gogh/autumn_landscape_with_four_trees.jpg
1.736271810426235,view_of_arles_with_trees_in_blossom,data/van_gogh/view_of_arles_with_trees_in_blossom.jpg
0.9634016188453901,vase_with_daisies,data/van_gogh/vase_with_daisies.jpg
1.8081070471677085,portrait_of_pere_tanguy_2,data/van_gogh/portrait_of_pere_tanguy_2.jpg
1.8610557441584819,still_life_with_bloaters_and_garlic,data/van_gogh/still_life_with_bloaters_and_garlic.jpg
2.7562673928819876,vase_with_flowers,data/van_gogh/vase_with_flowers.jpg
0.884141940223555,green_ears_of_wheat,data/van_gogh/green_ears_of_wheat.jpg
0.9879993015562492,skull,data/van_gogh/skull.jpg
0.5107565561605238,"still_life_drawing_board,_pipe,_onions_and_sealing-wax","data/van_gogh/still_life_drawing_board,_pipe,_onions_and_sealing-wax.jpg"
1.759502522415086,mother_roulin_with_her_baby_2,data/van_gogh/mother_roulin_with_her_baby_2.jpg
0.25596307552095393,the_courtyard_of_the_hospital_at_arles,data/van_gogh/the_courtyard_of_the_hospital_at_arles.jpg
2.179670479931568,the_kingfisher,data/van_gogh/the_kingfisher.jpg
0.8977976168135472,trunk_of_an_old_yew_tree,data/van_gogh/trunk_of_an_old_yew_tree.jpg
1.8352664818297175,head_of_a_man_2,data/van_gogh/head_of_a_man_2.jpg
1.8085951525962203,still_life_with_basket_of_apples_to_lucien_pissarro,data/van_gogh/still_life_with_basket_of_apples_to_lucien_pissarro.jpg
1.4777336821762417,portrait_of_woman_in_blue,data/van_gogh/portrait_of_woman_in_blue.jpg
0.4527865743803152,entrance_to_a_quarry_near_saint-remy,data/van_gogh/entrance_to_a_quarry_near_saint-remy.jpg
0.8663313871063025,valley_with_ploughman_seen_from_above,data/van_gogh/valley_with_ploughman_seen_from_above.jpg
0.8353836714341637,the_trinquetaille_bridge,data/van_gogh/the_trinquetaille_bridge.jpg
2.0067179509825075,head_of_a_peasant_woman_with_dark_cap,data/van_gogh/head_of_a_peasant_woman_with_dark_cap.jpg
0.8334530560067053,canal_with_women_washing,data/van_gogh/canal_with_women_washing.jpg
0.8227547943267144,landscape_with_the_chateau_of_auvers_at_sunset,data/van_gogh/landscape_with_the_chateau_of_auvers_at_sunset.jpg
2.859146341759048,vase_with_red_gladioli_2,data/van_gogh/vase_with_red_gladioli_2.jpg
1.811572975330374,portrait_of_the_art_dealer_alexander_reid,data/van_gogh/portrait_of_the_art_dealer_alexander_reid.jpg
1.2864747152687892,the_garden_of_saint-paul_hospital_3,data/van_gogh/the_garden_of_saint-paul_hospital_3.jpg
2.223541917345541,olive_picking_2,data/van_gogh/olive_picking_2.jpg
1.8663300956296822,peasant_digging,data/van_gogh/peasant_digging.jpg
1.6775100066423798,portrait_of_a_man_with_a_skull_cap,data/van_gogh/portrait_of_a_man_with_a_skull_cap.jpg
1.2636377621747228,basket_of_potatoes,data/van_gogh/basket_of_potatoes.jpg
0.8138809842728861,young_man_with_cornflower,data/van_gogh/young_man_with_cornflower.jpg
1.7176022458931637,"still_life_blue_enamel_coffeepot,_earthenware_and_fruit","data/van_gogh/still_life_blue_enamel_coffeepot,_earthenware_and_fruit.jpg"
0.6918459881271765,olive_grove_2,data/van_gogh/olive_grove_2.jpg
1.6417796159662106,the_stone_bench_in_the_garden_of_saint-paul_hospital,data/van_gogh/the_stone_bench_in_the_garden_of_saint-paul_hospital.jpg
0.5327583169529997,reaper_with_sickle_after_millet,data/van_gogh/reaper_with_sickle_after_millet.jpg
2.105023862532485,clumps_of_grass,data/van_gogh/clumps_of_grass.jpg
1.3030737619723058,sunny_lawn_in_a_public_park,data/van_gogh/sunny_lawn_in_a_public_park.jpg
0.8716530891202341,red_chestnuts_in_the_public_park_at_arles,data/van_gogh/red_chestnuts_in_the_public_park_at_arles.jpg
0.9149531054873841,head_of_a_peasant_woman_with_white_cap,data/van_gogh/head_of_a_peasant_woman_with_white_cap.jpg
1.0936122792749594,young_peasant_woman_with_straw_hat_sitting_in_the_wheat,data/van_gogh/young_peasant_woman_with_straw_hat_sitting_in_the_wheat.jpg
0.839426372401292,"vase_with_poppies,_cornflowers,_peonies_and_chrysanthemums","data/van_gogh/vase_with_poppies,_cornflowers,_peonies_and_chrysanthemums.jpg"
1.7915115140394462,head_of_a_man,data/van_gogh/head_of_a_man.jpg
2.0303331414064836,vase_with_gladioli_and_carnations,data/van_gogh/vase_with_gladioli_and_carnations.jpg
1.0784722060445686,ploughed_field,data/van_gogh/ploughed_field.jpg
1.9254026241868016,seascape_at_saintes-maries,data/van_gogh/seascape_at_saintes-maries.jpg
1.2085798933874201,portrait_of_a_man,data/van_gogh/portrait_of_a_man.jpg
0.8519830260044027,the_zouave_half_length,data/van_gogh/the_zouave_half_length.jpg
1.113288134145794,vase_with_red_gladioli,data/van_gogh/vase_with_red_gladioli.jpg
0.8270752762416644,the_white_house_at_night,data/van_gogh/the_white_house_at_night.jpg
1.1632539422265595,a_pork-butcher_s_shop_seen_from_a_window,data/van_gogh/a_pork-butcher_s_shop_seen_from_a_window.jpg
1.6684322013362447,landscape_at_dusk,data/van_gogh/landscape_at_dusk.jpg
1.562400091487231,two_women_crossing_the_fields,data/van_gogh/two_women_crossing_the_fields.jpg
0.8555221344609654,the_walk_falling_leaves,data/van_gogh/the_walk_falling_leaves.jpg
1.2071060194566263,rocks_with_oak_tree,data/van_gogh/rocks_with_oak_tree.jpg
2.8235425891369768,the_langlois_bridge_at_arles_2,data/van_gogh/the_langlois_bridge_at_arles_2.jpg
0.7966957085717795,olive_grove_3,data/van_gogh/olive_grove_3.jpg
1.2109489222840477,the_church_at_auvers,data/van_gogh/the_church_at_auvers.jpg
0.8475985086711999,pollard_willows,data/van_gogh/pollard_willows.jpg
0.8637337857117005,"harvest_at_la_crau,_with_montmajour_in_the_background","data/van_gogh/harvest_at_la_crau,_with_montmajour_in_the_background.jpg"
1.2818649168134142,field_with_two_rabbits,data/van_gogh/field_with_two_rabbits.jpg
1.5732129907769097,auvers_town_hall_on_14_july_1890,data/van_gogh/auvers_town_hall_on_14_july_1890.jpg
2.596416486661622,self-portrait_with_bandaged_ear_and_pipe,data/van_gogh/self-portrait_with_bandaged_ear_and_pipe.jpg
1.5018813632579897,country_lane_with_two_figures,data/van_gogh/country_lane_with_two_figures.jpg
1.9182561348485232,the_seated_zouave,data/van_gogh/the_seated_zouave.jpg
2.034720173988524,marshy_landscape,data/van_gogh/marshy_landscape.jpg
1.0909692191643658,cows_after_jordaens,data/van_gogh/cows_after_jordaens.jpg
1.0720992811349097,the_raising_of_lazarus_after_rembrandt,data/van_gogh/the_raising_of_lazarus_after_rembrandt.jpg
1.1110120303446736,the_garden_of_saint-paul_hospital,data/van_gogh/the_garden_of_saint-paul_hospital.jpg
0.849139305284144,two_women_in_the_woods,data/van_gogh/two_women_in_the_woods.jpg
0.3910303968560546,the_garden_of_saint-paul_hospital_4,data/van_gogh/the_garden_of_saint-paul_hospital_4.jpg
0.6160502538318506,two_cut_sunflowers,data/van_gogh/two_cut_sunflowers.jpg
1.9346509550417859,windmill_on_montmartre,data/van_gogh/windmill_on_montmartre.jpg
1.6340823326234084,portrait_of_adeline_ravoux_3,data/van_gogh/portrait_of_adeline_ravoux_3.jpg
1.3271328788021604,daubigny_s_garden_3,data/van_gogh/daubigny_s_garden_3.jpg
0.7493264223963286,wild_flowers_and_thistles_in_a_vase,data/van_gogh/wild_flowers_and_thistles_in_a_vase.jpg
0.40537408870260067,houses_in_auvers,data/van_gogh/houses_in_auvers.jpg
1.2821842051905978,child_with_orange,data/van_gogh/child_with_orange.jpg
1.914543187710202,harvest_in_provence,data/van_gogh/harvest_in_provence.jpg
2.4843856477538537,cottage_2,data/van_gogh/cottage_2.jpg
0.619327263360508,still_life_with_pears,data/van_gogh/still_life_with_pears.jpg
1.1845953039168713,"shepherdess,_the_after_millet","data/van_gogh/shepherdess,_the_after_millet.jpg"
0.8853180651879949,thatched_cottages,data/van_gogh/thatched_cottages.jpg
0.8875910156264674,head_of_a_peasant_woman_with_dark_cap_8,data/van_gogh/head_of_a_peasant_woman_with_dark_cap_8.jpg
1.2029613418256213,peasant_woman_binding_sheaves_after_millet,data/van_gogh/peasant_woman_binding_sheaves_after_millet.jpg
2.0744608992667746,portrait_of_armand_roulin_2,data/van_gogh/portrait_of_armand_roulin_2.jpg
0.8219552142138403,wild_roses,data/van_gogh/wild_roses.jpg
1.297349986176327,portrait_of_madame_augustine_roulin,data/van_gogh/portrait_of_madame_augustine_roulin.jpg
0.7148009856167032,the_pieta_after_delacroix,data/van_gogh/the_pieta_after_delacroix.jpg
1.8505602837637063,still_life_vase_with_irises_against_a_yellow_background,data/van_gogh/still_life_vase_with_irises_against_a_yellow_background.jpg
1.5059722036571446,still_life_with_basket_of_apples,data/van_gogh/still_life_with_basket_of_apples.jpg
1.419981292153422,the_hill_of_montmartre_with_quarry,data/van_gogh/the_hill_of_montmartre_with_quarry.jpg
1.184837236834949,portrait_of_an_old_man_with_beard,data/van_gogh/portrait_of_an_old_man_with_beard.jpg
0.9371326467138072,two_poplars_on_a_road_through_the_hills,data/van_gogh/two_poplars_on_a_road_through_the_hills.jpg
1.8505128717055206,young_man_with_a_cap,data/van_gogh/young_man_with_a_cap.jpg
0.8915977943460659,vase_with_gladioli_and_carnations_2,data/van_gogh/vase_with_gladioli_and_carnations_2.jpg
1.0582955269369554,vegetable_gardens_in_montmartre_la_butte_montmartre,data/van_gogh/vegetable_gardens_in_montmartre_la_butte_montmartre.jpg
1.006444343557836,marguerite_gachet_at_the_piano,data/van_gogh/marguerite_gachet_at_the_piano.jpg
0.936013962546096,still_life_vase_with_zinnias,data/van_gogh/still_life_vase_with_zinnias.jpg
0.9026332691145471,first_steps_after_millet,data/van_gogh/first_steps_after_millet.jpg
0.8386426976690788,village_street_and_steps_in_auvers_with_figures,data/van_gogh/village_street_and_steps_in_auvers_with_figures.jpg
0.8467780121224188,the_novel_reader,data/van_gogh/the_novel_reader.jpg
1.4325233815964378,lilacs_2,data/van_gogh/lilacs_2.jpg
1.857450125658488,a_field_of_yellow_flowers,data/van_gogh/a_field_of_yellow_flowers.jpg
0.9488483657516336,daubigny_s_garden_2,data/van_gogh/daubigny_s_garden_2.jpg
1.7452278467457447,portrait_of_adeline_ravoux_2,data/van_gogh/portrait_of_adeline_ravoux_2.jpg
1.4433360435789273,orchard_in_blossom_plum_trees,data/van_gogh/orchard_in_blossom_plum_trees.jpg
0.9454495829723432,backyards_of_old_houses_in_antwerp_in_the_snow,data/van_gogh/backyards_of_old_houses_in_antwerp_in_the_snow.jpg
1.7165695045233686,olive_trees_with_yellow_sky_and_sun,data/van_gogh/olive_trees_with_yellow_sky_and_sun.jpg
0.3856004979303275,the_garden_of_saint-paul_hospital_5,data/van_gogh/the_garden_of_saint-paul_hospital_5.jpg
1.1646311035564803,vineyards_with_a_view_of_auvers,data/van_gogh/vineyards_with_a_view_of_auvers.jpg
1.3700309901376875,view_of_montmartre_with_windmills,data/van_gogh/view_of_montmartre_with_windmills.jpg
1.551319412601305,still_life_pink_roses_in_a_vase,data/van_gogh/still_life_pink_roses_in_a_vase.jpg
0.972975238973912,morning_peasant_couple_going_to_work,data/van_gogh/morning_peasant_couple_going_to_work.jpg
1.1349690234600027,the_drinkers,data/van_gogh/the_drinkers.jpg
1.2285977262683396,vase_with_myosotis_and_peonies,data/van_gogh/vase_with_myosotis_and_peonies.jpg
1.2427768483128536,cart_with_red_and_white_ox,data/van_gogh/cart_with_red_and_white_ox.jpg
1.0058561995543567,self-portrait_8,data/van_gogh/self-portrait_8.jpg
1.0727100323392633,madame_roulin_rocking_the_cradle_la_berceuse,data/van_gogh/madame_roulin_rocking_the_cradle_la_berceuse.jpg
1.6925477003874212,self-portrait_with_grey_felt_hat_3,data/van_gogh/self-portrait_with_grey_felt_hat_3.jpg
2.330055860522909,beach_at_scheveningen_in_calm_weather,data/van_gogh/beach_at_scheveningen_in_calm_weather.jpg
3.1955766836915496,plaster_statuette_of_a_female_torso_4,data/van_gogh/plaster_statuette_of_a_female_torso_4.jpg
1.1006780987285703,wheat_stacks_with_reaper,data/van_gogh/wheat_stacks_with_reaper.jpg
1.9346917811849336,wheat_field_with_cypresses_2,data/van_gogh/wheat_field_with_cypresses_2.jpg
1.1330228814319177,blossoming_pear_tree,data/van_gogh/blossoming_pear_tree.jpg
0.45915702559948895,avenue_of_plane_trees_near_arles_station,data/van_gogh/avenue_of_plane_trees_near_arles_station.jpg
0.8165408889302811,les_alyscamps_falling_autumn_leaves,data/van_gogh/les_alyscamps_falling_autumn_leaves.jpg
1.1913216247403249,l_arlesienne_madame_ginoux_2,data/van_gogh/l_arlesienne_madame_ginoux_2.jpg
1.055454866763697,girl_with_ruffled_hair_the_mudlark,data/van_gogh/girl_with_ruffled_hair_the_mudlark.jpg
2.265194214521266,portrait_of_eugene_boch,data/van_gogh/portrait_of_eugene_boch.jpg
1.5927002236966374,head_of_a_peasant_woman_with_white_cap_2,data/van_gogh/head_of_a_peasant_woman_with_white_cap_2.jpg
1.9081376529272545,still_life_vase_with_oleanders,data/van_gogh/still_life_vase_with_oleanders.jpg
1.8471150937330019,next_painting,data/van_gogh/next_painting.jpg
1.363364120570144,path_through_a_field_with_willows,data/van_gogh/path_through_a_field_with_willows.jpg
2.359992713119008,wheat_fields_with_reaper_at_sunrise,data/van_gogh/wheat_fields_with_reaper_at_sunrise.jpg
0.7570895330648525,vase_with_gladioli_and_lilac,data/van_gogh/vase_with_gladioli_and_lilac.jpg
2.380546279742143,head_of_a_peasant_woman,data/van_gogh/head_of_a_peasant_woman.jpg
0.8504183772046388,orchard_in_blossom_with_view_of_arles,data/van_gogh/orchard_in_blossom_with_view_of_arles.jpg
1.3670389530233478,cottage_with_peasant_woman_digging,data/van_gogh/cottage_with_peasant_woman_digging.jpg
0.9458176978637859,roadway_with_underpass_the_viaduct,data/van_gogh/roadway_with_underpass_the_viaduct.jpg
0.8995342830938516,peat_boat_with_two_figures,data/van_gogh/peat_boat_with_two_figures.jpg
2.2175543945264957,portrait_of_armand_roulin,data/van_gogh/portrait_of_armand_roulin.jpg
1.8156168184060573,l_arlesienne_madame_ginoux_3,data/van_gogh/l_arlesienne_madame_ginoux_3.jpg
1.0095001648185842,portrait_of_doctor_gachet_2,data/van_gogh/portrait_of_doctor_gachet_2.jpg
0.9521041134379932,tarascon_diligence,data/van_gogh/tarascon_diligence.jpg
1.4584269976483344,still_life_french_novels,data/van_gogh/still_life_french_novels.jpg
0.8212297093026255,self-portrait_with_grey_felt_hat_2,data/van_gogh/self-portrait_with_grey_felt_hat_2.jpg
2.3524920085649303,plaster_statuette_of_a_female_torso_5,data/van_gogh/plaster_statuette_of_a_female_torso_5.jpg
0.5932460309151033,self-portrait_9,data/van_gogh/self-portrait_9.jpg
0.8713843074069583,public_garden_with_couple_and_blue_fir_tree_the_poet_s_garden_iii,data/van_gogh/public_garden_with_couple_and_blue_fir_tree_the_poet_s_garden_iii.jpg
1.291512194390822,dunes,data/van_gogh/dunes.jpg
1.364734898369215,the_langlois_bridge_at_arles_with_road_alongside_the_canal,data/van_gogh/the_langlois_bridge_at_arles_with_road_alongside_the_canal.jpg
1.1623166079382,green_wheat_field_with_cypress,data/van_gogh/green_wheat_field_with_cypress.jpg
0.7424411927004118,cottage_and_woman_with_goat,data/van_gogh/cottage_and_woman_with_goat.jpg
2.5979779558697733,wheat_field_with_a_lark,data/van_gogh/wheat_field_with_a_lark.jpg
1.7793123413261256,plaster_statuette_of_a_female_torso_7,data/van_gogh/plaster_statuette_of_a_female_torso_7.jpg
0.3700571122943147,entrance_to_the_public_park_in_arles,data/van_gogh/entrance_to_the_public_park_in_arles.jpg
1.2593578807022066,orchard_in_blossom_3,data/van_gogh/orchard_in_blossom_3.jpg
1.027831463366714,"orchard_in_blossom,_bordered_by_cypresses_2","data/van_gogh/orchard_in_blossom,_bordered_by_cypresses_2.jpg"
0.5193542728652901,les_alyscamps,data/van_gogh/les_alyscamps.jpg
1.714670176046952,green_wheat_fields,data/van_gogh/green_wheat_fields.jpg
1.6691115585882075,a_l_arlesienne_madame_ginoux_with_gloves_and_umbre,data/van_gogh/a_l_arlesienne_madame_ginoux_with_gloves_and_umbre.jpg
0.8408206538429508,almond_tree_in_blossom,data/van_gogh/almond_tree_in_blossom.jpg
1.5173877972260152,three_sunflowers_in_a_vase,data/van_gogh/three_sunflowers_in_a_vase.jpg
1.7106456688643492,"la_mousme,_sitting","data/van_gogh/la_mousme,_sitting.jpg"
0.8204836762309413,mountains_at_saint-remy_with_dark_cottage,data/van_gogh/mountains_at_saint-remy_with_dark_cottage.jpg
2.312888629694461,women_mending_nets_in_the_dunes,data/van_gogh/women_mending_nets_in_the_dunes.jpg
0.7552309359729976,poppies_and_butterflies,data/van_gogh/poppies_and_butterflies.jpg
0.8834990054242782,interior_of_the_restaurant_carrel_in_arles,data/van_gogh/interior_of_the_restaurant_carrel_in_arles.jpg
1.2570617017184889,a_pair_of_leather_clogs,data/van_gogh/a_pair_of_leather_clogs.jpg
1.4442773886410378,olive_grove_with_picking_figures,data/van_gogh/olive_grove_with_picking_figures.jpg
1.3088978439327803,orchard_with_peach_trees_in_blossom,data/van_gogh/orchard_with_peach_trees_in_blossom.jpg
1.9700149296250271,street_scene_in_montmartre_le_moulin_a_poivre,data/van_gogh/street_scene_in_montmartre_le_moulin_a_poivre.jpg
0.5752366156902419,landscape_with_three_trees_and_a_house,data/van_gogh/landscape_with_three_trees_and_a_house.jpg
0.7150271925389604,meadow_in_the_garden_of_saint-paul_hospital,data/van_gogh/meadow_in_the_garden_of_saint-paul_hospital.jpg
2.1116232428672057,still_life_with_cabbage_and_clogs,data/van_gogh/still_life_with_cabbage_and_clogs.jpg
1.478650526872871,the_man_is_at_sea_after_demont-breton,data/van_gogh/the_man_is_at_sea_after_demont-breton.jpg
1.8324355960919283,vase_with_cornflowers_and_poppies,data/van_gogh/vase_with_cornflowers_and_poppies.jpg
1.1851240923089665,vincent_s_bedroom_in_arles,data/van_gogh/vincent_s_bedroom_in_arles.jpg
1.3741925134821413,orchard_in_blossom_2,data/van_gogh/orchard_in_blossom_2.jpg
1.328755365134873,village_street_in_auvers,data/van_gogh/village_street_in_auvers.jpg
2.056259968533767,plaster_statuette_of_a_female_torso_6,data/van_gogh/plaster_statuette_of_a_female_torso_6.jpg
1.9768118929606786,landscape_at_sunset,data/van_gogh/landscape_at_sunset.jpg
2.6301315485481047,wheat_fields_at_auvers_under_clouded_sky,data/van_gogh/wheat_fields_at_auvers_under_clouded_sky.jpg
0.9923115097300969,ears_of_wheat,data/van_gogh/ears_of_wheat.jpg
1.0987071717672576,trees_in_a_field_on_a_sunny_day,data/van_gogh/trees_in_a_field_on_a_sunny_day.jpg
1.339731013334188,the_pont_du_carrousel_and_the_louvre,data/van_gogh/the_pont_du_carrousel_and_the_louvre.jpg
1.5474059554828783,self-portrait_11,data/van_gogh/self-portrait_11.jpg
1.4206098092622752,"still_life_with_oranges,_lemons_and_blue_gloves","data/van_gogh/still_life_with_oranges,_lemons_and_blue_gloves.jpg"
4.2962210902812465,plaster_statuette_of_a_female_torso_2,data/van_gogh/plaster_statuette_of_a_female_torso_2.jpg
0.8195609700338424,view_of_the_church_of_saint-paul-de-mausole,data/van_gogh/view_of_the_church_of_saint-paul-de-mausole.jpg
0.7737098292911233,the_fourteenth_of_july_celebration_in_paris,data/van_gogh/the_fourteenth_of_july_celebration_in_paris.jpg
0.7687497870128693,interior_of_a_restaurant_in_arles,data/van_gogh/interior_of_a_restaurant_in_arles.jpg
1.8023988186155917,willows_at_sunset,data/van_gogh/willows_at_sunset.jpg
3.4904133333170964,l_arlesienne_madame_ginoux_4,data/van_gogh/l_arlesienne_madame_ginoux_4.jpg
1.5962050402543713,still_life_vase_with_irises,data/van_gogh/still_life_vase_with_irises.jpg
1.5284788600817023,the_baby_marcelle_roulin_3,data/van_gogh/the_baby_marcelle_roulin_3.jpg
0.8027142210816032,the_brothel,data/van_gogh/the_brothel.jpg
1.2126354267393022,portrait_of_madame_trabuc,data/van_gogh/portrait_of_madame_trabuc.jpg
1.1594251175352224,still_life_with_grapes,data/van_gogh/still_life_with_grapes.jpg
0.7985378877300051,les_peiroulets_ravine,data/van_gogh/les_peiroulets_ravine.jpg
0.9663158088362106,"sheep-shearers,_the_after_millet","data/van_gogh/sheep-shearers,_the_after_millet.jpg"
2.919163812653415,plaster_statuette_of_a_male_torso,data/van_gogh/plaster_statuette_of_a_male_torso.jpg
1.1915594402114953,trees_and_undergrowth,data/van_gogh/trees_and_undergrowth.jpg
0.8153659691735007,blossoming_chestnut_branches,data/van_gogh/blossoming_chestnut_branches.jpg
1.1351300580060688,wheat_fields_near_auvers,data/van_gogh/wheat_fields_near_auvers.jpg
1.033312240534563,"still_life_with_plaster_statuette,_a_rose_and_two_novels","data/van_gogh/still_life_with_plaster_statuette,_a_rose_and_two_novels.jpg"
1.5975833464783336,the_baby_marcelle_roulin_2,data/van_gogh/the_baby_marcelle_roulin_2.jpg
0.8640059949640859,irises,data/van_gogh/irises.jpg
0.7274688689594702,spectators_in_the_arena_at_arles,data/van_gogh/spectators_in_the_arena_at_arles.jpg
1.495976241228907,wheat_field_with_cypresses,data/van_gogh/wheat_field_with_cypresses.jpg
1.3100892684030763,a_pair_of_shoes,data/van_gogh/a_pair_of_shoes.jpg
3.220857059104069,plaster_statuette_of_a_female_torso_3,data/van_gogh/plaster_statuette_of_a_female_torso_3.jpg
1.2947156133571363,still_life_vase_with_roses,data/van_gogh/still_life_vase_with_roses.jpg
0.69141259997372,enclosed_field_with_rising_sun,data/van_gogh/enclosed_field_with_rising_sun.jpg
0.6154372301250824,chestnut_tree_in_blossom,data/van_gogh/chestnut_tree_in_blossom.jpg
1.1535716239577063,self-portrait_10,data/van_gogh/self-portrait_10.jpg
1.0848303104277706,the_langlois_bridge_at_arles,data/van_gogh/the_langlois_bridge_at_arles.jpg
0.6653652374505297,tree_trunks_with_ivy,data/van_gogh/tree_trunks_with_ivy.jpg
2.5257535172261227,still_life_vase_with_fifteen_sunflowers_2,data/van_gogh/still_life_vase_with_fifteen_sunflowers_2.jpg
1.8614209332074205,view_of_the_roofs_of_paris,data/van_gogh/view_of_the_roofs_of_paris.jpg
1.629811041096948,field_with_stacks_of_wheat,data/van_gogh/field_with_stacks_of_wheat.jpg
1.3771308192784402,new-born_calf_lying_on_straw,data/van_gogh/new-born_calf_lying_on_straw.jpg
1.4033045490515421,head_of_a_woman_9,data/van_gogh/head_of_a_woman_9.jpg
0.8119285792480663,three_pairs_of_shoes,data/van_gogh/three_pairs_of_shoes.jpg
1.3335680505117387,vase_with_zinnias,data/van_gogh/vase_with_zinnias.jpg
1.2089616869533308,the_sower,data/van_gogh/the_sower.jpg
1.6717504969568948,"a_girl_in_the_street,_two_coaches_in_the_background","data/van_gogh/a_girl_in_the_street,_two_coaches_in_the_background.jpg"
1.292849220941623,self-portrait_with_dark_felt_hat,data/van_gogh/self-portrait_with_dark_felt_hat.jpg
0.7744703265435114,wheat_field_behind_saint-paul_hospital,data/van_gogh/wheat_field_behind_saint-paul_hospital.jpg
1.1556664377289936,head_of_a_peasant_woman_with_white_cap_7,data/van_gogh/head_of_a_peasant_woman_with_white_cap_7.jpg
1.2570547816991897,"sower,_the_after_millet","data/van_gogh/sower,_the_after_millet.jpg"
1.1499994027417464,still_life_vase_with_flower_and_thistles,data/van_gogh/still_life_vase_with_flower_and_thistles.jpg
1.116445746281624,view_of_vessenots_near_auvers,data/van_gogh/view_of_vessenots_near_auvers.jpg
1.3049777333518813,still_life_with_decanter_and_lemons_on_a_plate,data/van_gogh/still_life_with_decanter_and_lemons_on_a_plate.jpg
1.2161968514359076,marguerite_gachet_in_the_garden,data/van_gogh/marguerite_gachet_in_the_garden.jpg
1.4725183581349908,head_of_a_peasant_woman_with_white_cap_6,data/van_gogh/head_of_a_peasant_woman_with_white_cap_6.jpg
1.708533653445468,wheat_field_with_sheaves,data/van_gogh/wheat_field_with_sheaves.jpg
0.5110327671923298,flowering_garden,data/van_gogh/flowering_garden.jpg
1.5286478279551783,self-portrait_with_a_japanese_print,data/van_gogh/self-portrait_with_a_japanese_print.jpg
0.37547250300283114,village_street_and_steps_in_auvers_with_two_figures,data/van_gogh/village_street_and_steps_in_auvers_with_two_figures.jpg
2.5047091073597776,blossoming_almond_tree,data/van_gogh/blossoming_almond_tree.jpg
0.7533885348850897,olive_grove_pale_blue_sky,data/van_gogh/olive_grove_pale_blue_sky.jpg
0.7738223286431821,farmhouse_with_two_figures,data/van_gogh/farmhouse_with_two_figures.jpg
1.7974222753808229,head_of_a_woman_8,data/van_gogh/head_of_a_woman_8.jpg
1.228541260505563,view_of_auvers_with_church,data/van_gogh/view_of_auvers_with_church.jpg
0.9140192045908279,"vase_with_flowers,_coffeepot_and_fruit","data/van_gogh/vase_with_flowers,_coffeepot_and_fruit.jpg"
2.9747755133468323,snowy_landscape_with_arles_in_the_background,data/van_gogh/snowy_landscape_with_arles_in_the_background.jpg
4.80156778664056,still_life_vase_with_fifteen_sunflowers_3,data/van_gogh/still_life_vase_with_fifteen_sunflowers_3.jpg
1.4629252386812244,wheat_field_at_auvers_with_white_house,data/van_gogh/wheat_field_at_auvers_with_white_house.jpg
0.6783579849245003,thistles,data/van_gogh/thistles.jpg
0.8763576868376004,still_life_vase_with_rose-mallows,data/van_gogh/still_life_vase_with_rose-mallows.jpg
1.0210131455727107,vase_with_carnations_and_roses_and_a_bottle,data/van_gogh/vase_with_carnations_and_roses_and_a_bottle.jpg
1.1686616040663746,three_white_cottages_in_saintes-maries,data/van_gogh/three_white_cottages_in_saintes-maries.jpg
2.284878637508156,"still_life_with_grapes,_pears_and_lemons","data/van_gogh/still_life_with_grapes,_pears_and_lemons.jpg"
0.4959945757115675,two_thistles,data/van_gogh/two_thistles.jpg
1.2280585095087093,bulb_fields,data/van_gogh/bulb_fields.jpg
1.221259114010965,self-portrait_with_pipe_and_straw_hat,data/van_gogh/self-portrait_with_pipe_and_straw_hat.jpg
1.2521299980737015,basket_of_apples_2,data/van_gogh/basket_of_apples_2.jpg
1.6754496462139448,mother_roulin_with_her_baby,data/van_gogh/mother_roulin_with_her_baby.jpg
0.785569471369635,orchard_in_blossom,data/van_gogh/orchard_in_blossom.jpg
1.586131629805289,landscape_at_auvers_in_the_rain,data/van_gogh/landscape_at_auvers_in_the_rain.jpg
1.701503821317708,two_cut_sunflowers_3,data/van_gogh/two_cut_sunflowers_3.jpg
1.2858905962640097,head_of_a_peasant_woman_with_greenish_lace_cap,data/van_gogh/head_of_a_peasant_woman_with_greenish_lace_cap.jpg
0.7529854996397407,pink_peach_tree_in_blossom_reminiscence_of_mauve,data/van_gogh/pink_peach_tree_in_blossom_reminiscence_of_mauve.jpg
1.1467277019979978,self-portrait_with_dark_felt_hat_at_the_easel,data/van_gogh/self-portrait_with_dark_felt_hat_at_the_easel.jpg
1.8346290051776368,the_seine_with_a_rowing_boat,data/van_gogh/the_seine_with_a_rowing_boat.jpg
1.7896980127931272,head_of_a_woman_5,data/van_gogh/head_of_a_woman_5.jpg
0.6096566783772357,landscape_with_couple_walking_and_crescent_moon,data/van_gogh/landscape_with_couple_walking_and_crescent_moon.jpg
1.2430757658121632,man_stooping_with_stick_or_spade,data/van_gogh/man_stooping_with_stick_or_spade.jpg
1.8490431037329687,baskets_of_potatoes,data/van_gogh/baskets_of_potatoes.jpg
2.161714932397522,portrait_of_camille_roulin_2,data/van_gogh/portrait_of_camille_roulin_2.jpg
1.050530262699339,olive_trees_bright_blue_sky,data/van_gogh/olive_trees_bright_blue_sky.jpg
1.1011702688152814,avenue_of_poplars_in_autumn,data/van_gogh/avenue_of_poplars_in_autumn.jpg
1.8852495757289747,"portrait_of_milliet,_second_lieutenant_of_the_zouaves","data/van_gogh/portrait_of_milliet,_second_lieutenant_of_the_zouaves.jpg"
0.7438291679149946,the_road_menders,data/van_gogh/the_road_menders.jpg
0.8718177535886225,undergrowth_b,data/van_gogh/undergrowth_b.jpg
1.0864895007565307,portrait_of_a_young_peasant,data/van_gogh/portrait_of_a_young_peasant.jpg
1.1488249199946143,head_of_a_woman_4,data/van_gogh/head_of_a_woman_4.jpg
1.0570001048297575,vincent_s_bedroom_in_arlesb,data/van_gogh/vincent_s_bedroom_in_arlesb.jpg
1.804730757081841,portrait_of_the_artist_s_mother,data/van_gogh/portrait_of_the_artist_s_mother.jpg
1.3089392643073394,sunset_wheat_fields_near_arles,data/van_gogh/sunset_wheat_fields_near_arles.jpg
0.8113276946825017,"gordina_de_groot,_head","data/van_gogh/gordina_de_groot,_head.jpg"
1.510618064635383,still_life_glass_with_wild_flowers,data/van_gogh/still_life_glass_with_wild_flowers.jpg
1.6842771768980844,the_seine_with_the_pont_de_la_grande_jette,data/van_gogh/the_seine_with_the_pont_de_la_grande_jette.jpg
1.5831781496783885,the_bridge_at_trinquetaille,data/van_gogh/the_bridge_at_trinquetaille.jpg
1.2783973757244003,head_of_a_peasant,data/van_gogh/head_of_a_peasant.jpg
0.6626712646311628,cottages_reminiscence_of_the_north,data/van_gogh/cottages_reminiscence_of_the_north.jpg
0.8870265902941212,two_cut_sunflowers_2,data/van_gogh/two_cut_sunflowers_2.jpg
1.1418473899619073,wheat_field_with_crows,data/van_gogh/wheat_field_with_crows.jpg
1.204308887629627,still_life_with_bloaters,data/van_gogh/still_life_with_bloaters.jpg
0.8905913468193497,vase_with_gladioli,data/van_gogh/vase_with_gladioli.jpg
1.2509289855481467,self-portrait_with_straw_hat_3,data/van_gogh/self-portrait_with_straw_hat_3.jpg
0.956546128024242,portrait_of_adeline_ravoux,data/van_gogh/portrait_of_adeline_ravoux.jpg
1.6629932399516574,cottages,data/van_gogh/cottages.jpg
0.7648156430240983,self-portrait_2,data/van_gogh/self-portrait_2.jpg
0.9974703591042919,two_peasants_digging,data/van_gogh/two_peasants_digging.jpg
2.0339600736297383,basket_of_potatoes_2,data/van_gogh/basket_of_potatoes_2.jpg
1.5598653046341853,self-portrait_with_grey_felt_hat,data/van_gogh/self-portrait_with_grey_felt_hat.jpg
1.8787563280572073,head_of_a_peasant_with_cap,data/van_gogh/head_of_a_peasant_with_cap.jpg
2.4518876824346565,a_lane_near_arles,data/van_gogh/a_lane_near_arles.jpg
1.4703257269275511,head_of_a_young_peasant_woman_with_dark_cap,data/van_gogh/head_of_a_young_peasant_woman_with_dark_cap.jpg
0.5132701175621748,"still_life_with_apples,_pears,_lemons_and_grapes","data/van_gogh/still_life_with_apples,_pears,_lemons_and_grapes.jpg"
1.2717723217964658,la_berceuse_augustine_roulin_2,data/van_gogh/la_berceuse_augustine_roulin_2.jpg
2.1866269251227464,head_of_a_woman,data/van_gogh/head_of_a_woman.jpg
1.0072262341755367,lane_with_poplars,data/van_gogh/lane_with_poplars.jpg
2.5973434058007476,wheat_fields_with_stacks,data/van_gogh/wheat_fields_with_stacks.jpg
1.0373881321498195,view_of_arles_with_irises_in_the_foreground,data/van_gogh/view_of_arles_with_irises_in_the_foreground.jpg
1.136476355664622,self-portrait_with_straw_hat,data/van_gogh/self-portrait_with_straw_hat.jpg
1.3094483897500748,two_children,data/van_gogh/two_children.jpg
0.9671330796349324,olive_trees_against_a_slope_of_a_hill,data/van_gogh/olive_trees_against_a_slope_of_a_hill.jpg
1.1737493865724937,haystacks_under_a_rainy_sky,data/van_gogh/haystacks_under_a_rainy_sky.jpg
0.7497741233383219,vase_with_carnations_and_other_flowers,data/van_gogh/vase_with_carnations_and_other_flowers.jpg
1.0862506412304374,head_of_a_peasant_woman_with_white_cap_8,data/van_gogh/head_of_a_peasant_woman_with_white_cap_8.jpg
1.3734120462962285,walk_along_the_banks_of_the_seine_near_asnieres,data/van_gogh/walk_along_the_banks_of_the_seine_near_asnieres.jpg
0.9077244077354731,a_meadow_in_the_mountains_le_mas_de_saint-paul,data/van_gogh/a_meadow_in_the_mountains_le_mas_de_saint-paul.jpg
1.956587418263436,landscape_with_snow,data/van_gogh/landscape_with_snow.jpg
1.7729121677608601,still_life_with_a_basket_of_crocuses,data/van_gogh/still_life_with_a_basket_of_crocuses.jpg
1.0383412145925552,head_of_a_peasant_woman_with_white_cap_9,data/van_gogh/head_of_a_peasant_woman_with_white_cap_9.jpg
1.3725195711911686,"sheaf-binder,_the_after_millet","data/van_gogh/sheaf-binder,_the_after_millet.jpg"
1.83501109744066,the_iris,data/van_gogh/the_iris.jpg
1.0085931438871596,portrait_of_doctor_felix_rey,data/van_gogh/portrait_of_doctor_felix_rey.jpg
1.087133937673557,street_in_saintes-maries,data/van_gogh/street_in_saintes-maries.jpg
1.0706470916191635,view_of_paris_from_vincent_s_room_in_the_rue_lepic,data/van_gogh/view_of_paris_from_vincent_s_room_in_the_rue_lepic.jpg
1.2527498969752562,the_bois_de_boulogne_with_people_walking,data/van_gogh/the_bois_de_boulogne_with_people_walking.jpg
3.1427334035703294,cottage_with_trees_and_peasant_woman,data/van_gogh/cottage_with_trees_and_peasant_woman.jpg
1.3588286485864842,fishing_boats_on_the_beach_at_saintes-maries,data/van_gogh/fishing_boats_on_the_beach_at_saintes-maries.jpg
0.7246889485888649,plaster_statuette_of_a_horse,data/van_gogh/plaster_statuette_of_a_horse.jpg
1.0190168120519079,head_of_a_woman_7,data/van_gogh/head_of_a_woman_7.jpg
1.257743270902765,la_berceuse_augustine_roulin_3,data/van_gogh/la_berceuse_augustine_roulin_3.jpg
2.088672807951752,pieta_after_delacroix,data/van_gogh/pieta_after_delacroix.jpg
1.7292801326315066,peasant_burning_weeds,data/van_gogh/peasant_burning_weeds.jpg
0.7815479968018428,vase_with_daisies_and_anemones,data/van_gogh/vase_with_daisies_and_anemones.jpg
1.418534136432105,avenue_of_poplars_at_sunset,data/van_gogh/avenue_of_poplars_at_sunset.jpg
1.3807176149660552,the_house_of_pere_eloi,data/van_gogh/the_house_of_pere_eloi.jpg
0.796955708738259,field_with_wheat_stacks,data/van_gogh/field_with_wheat_stacks.jpg
1.5217756112652399,self-portrait_3,data/van_gogh/self-portrait_3.jpg
0.9744434495419146,self-portrait_3b,data/van_gogh/self-portrait_3b.jpg
1.3375482608608464,portrait_of_patience_escalier,data/van_gogh/portrait_of_patience_escalier.jpg
1.1366949156971786,the_plough_and_the_harrow_after_millet,data/van_gogh/the_plough_and_the_harrow_after_millet.jpg
0.9373940454740355,vase_with_hollyhocks,data/van_gogh/vase_with_hollyhocks.jpg
1.7691049084237993,wheat_field_behind_saint-paul_hospital_with_a_reaper,data/van_gogh/wheat_field_behind_saint-paul_hospital_with_a_reaper.jpg
0.9492376697089069,le_mont_gaussier_with_the_mas_de_saint-paul,data/van_gogh/le_mont_gaussier_with_the_mas_de_saint-paul.jpg
1.5521053343682911,self-portrait_with_straw_hat_2,data/van_gogh/self-portrait_with_straw_hat_2.jpg
1.3058496969923892,head_of_a_peasant_woman_3,data/van_gogh/head_of_a_peasant_woman_3.jpg
1.227742217911617,beer_tankards,data/van_gogh/beer_tankards.jpg
1.3612082214769283,vase_with_asters_and_phlox,data/van_gogh/vase_with_asters_and_phlox.jpg
0.40994947268100745,self-portrait_a,data/van_gogh/self-portrait_a.jpg
1.9259041737279579,self-portrait_2b,data/van_gogh/self-portrait_2b.jpg
0.8834439157738907,self-portrait_7,data/van_gogh/self-portrait_7.jpg
1.1141856805808175,landscape_with_dunes,data/van_gogh/landscape_with_dunes.jpg
0.6272980037863097,great_peacock_moth,data/van_gogh/great_peacock_moth.jpg
0.6882157196310609,pine_trees_with_figure_in_the_garden_of_saint-paul_hospital,data/van_gogh/pine_trees_with_figure_in_the_garden_of_saint-paul_hospital.jpg
1.5591622853513754,farmhouse_in_a_wheat_field,data/van_gogh/farmhouse_in_a_wheat_field.jpg
0.6192720588295062,enclosed_wheat_field_with_peasant,data/van_gogh/enclosed_wheat_field_with_peasant.jpg
1.420213879592989,flying_fox,data/van_gogh/flying_fox.jpg
1.1221226301769758,head_of_a_woman_3,data/van_gogh/head_of_a_woman_3.jpg
1.16973339897068,quay_with_men_unloading_sand_barges,data/van_gogh/quay_with_men_unloading_sand_barges.jpg
1.6642264057754,blossoming_almond_branch_in_a_glass,data/van_gogh/blossoming_almond_branch_in_a_glass.jpg
1.2839405003022433,the_green_vineyard,data/van_gogh/the_green_vineyard.jpg
1.435997230189926,head_of_an_old_peasant_woman_with_white_cap_2,data/van_gogh/head_of_an_old_peasant_woman_with_white_cap_2.jpg
3.9628609538776884,half_figure_of_an_angel_after_rembrandt,data/van_gogh/half_figure_of_an_angel_after_rembrandt.jpg
1.7130019902805265,vincent_s_house_in_arles_the_yellow_house,data/van_gogh/vincent_s_house_in_arles_the_yellow_house.jpg
1.3330134064979042,the_langlois_bridge_at_arles_with_women_washing,data/van_gogh/the_langlois_bridge_at_arles_with_women_washing.jpg
0.6461970564118636,the_woodcutter_after_millet,data/van_gogh/the_woodcutter_after_millet.jpg
1.7545098073594931,bobbin_winder,data/van_gogh/bobbin_winder.jpg
0.6422102811690624,road_with_cypress_and_star,data/van_gogh/road_with_cypress_and_star.jpg
1.4499208885294663,undergrowth_2,data/van_gogh/undergrowth_2.jpg
2.193769759571806,head_of_a_woman_2,data/van_gogh/head_of_a_woman_2.jpg
0.6628497765428645,green_wheat_field_2,data/van_gogh/green_wheat_field_2.jpg
0.9751888846751712,skull_with_burning_cigarette,data/van_gogh/skull_with_burning_cigarette.jpg
1.6663830528039545,"vase_with_lilacs,_daisies_and_anemones","data/van_gogh/vase_with_lilacs,_daisies_and_anemones.jpg"
1.5361187980195903,the_rispal_restaurant_at_asnieres,data/van_gogh/the_rispal_restaurant_at_asnieres.jpg
0.7104268928794718,self-portrait_6,data/van_gogh/self-portrait_6.jpg
0.7259514179067541,portrait_of_pere_tanguy,data/van_gogh/portrait_of_pere_tanguy.jpg
1.2693528365446987,self-portrait_with_pipe,data/van_gogh/self-portrait_with_pipe.jpg
1.8919515278109669,view_of_a_river_with_rowing_boats,data/van_gogh/view_of_a_river_with_rowing_boats.jpg
0.780102385906426,the_grove,data/van_gogh/the_grove.jpg
0.8955797818246782,the_dance_hall_in_arles,data/van_gogh/the_dance_hall_in_arles.jpg
2.608364992216042,plain_near_auvers,data/van_gogh/plain_near_auvers.jpg
0.8582663983441157,head_of_a_peasant_with_a_pipe,data/van_gogh/head_of_a_peasant_with_a_pipe.jpg
2.2865281905961075,still_life_with_three_books,data/van_gogh/still_life_with_three_books.jpg
0.9358800063922496,self-portrait_with_straw_hat_5,data/van_gogh/self-portrait_with_straw_hat_5.jpg
1.0947823718040453,self-portrait_b,data/van_gogh/self-portrait_b.jpg
1.1002099347358147,vase_with_carnations_2,data/van_gogh/vase_with_carnations_2.jpg
1.0995836981736862,self-portrait_4,data/van_gogh/self-portrait_4.jpg
1.1067722608696862,the_road_menders_2,data/van_gogh/the_road_menders_2.jpg
1.053379718760795,view_of_saintes-maries,data/van_gogh/view_of_saintes-maries.jpg
1.3163291883005528,plaster_statuette_of_a_female_torso_8,data/van_gogh/plaster_statuette_of_a_female_torso_8.jpg
0.7747603672143443,landscape_with_carriage_and_train_in_the_background,data/van_gogh/landscape_with_carriage_and_train_in_the_background.jpg
1.3800907926638168,orchard_with_blossoming_apricot_trees,data/van_gogh/orchard_with_blossoming_apricot_trees.jpg
0.8701902821964794,la_berceuse_augustine_roulin_4,data/van_gogh/la_berceuse_augustine_roulin_4.jpg
0.7272074274900882,flowering_garden_with_path,data/van_gogh/flowering_garden_with_path.jpg
0.4928097674141022,rosebush_in_blossom,data/van_gogh/rosebush_in_blossom.jpg
3.831021386908681,wheat_field_under_clouded_sky,data/van_gogh/wheat_field_under_clouded_sky.jpg
1.9911345486575645,vase_with_red_and_white_carnations_on_yellow_background,data/van_gogh/vase_with_red_and_white_carnations_on_yellow_background.jpg
0.7619084351463081,thatched_cottages_in_jorgus,data/van_gogh/thatched_cottages_in_jorgus.jpg
1.0514591101244495,landscape_under_a_stormy_sky,data/van_gogh/landscape_under_a_stormy_sky.jpg
0.8281515746317377,still_life_with_lemons_on_a_plate,data/van_gogh/still_life_with_lemons_on_a_plate.jpg
0.5853962210560263,the_mulberry_tree,data/van_gogh/the_mulberry_tree.jpg
0.5798618937527341,study_of_pine_trees,data/van_gogh/study_of_pine_trees.jpg
2.0282877207364103,"portrait_of_patience_escalier,_shepherd_in_provence","data/van_gogh/portrait_of_patience_escalier,_shepherd_in_provence.jpg"
0.41212337212495515,cypresses,data/van_gogh/cypresses.jpg
0.8562064259214527,"vase_with_asters,_salvia_and_other_flowers","data/van_gogh/vase_with_asters,_salvia_and_other_flowers.jpg"
1.0439871756569807,vincent_s_chair_with_his_pipe,data/van_gogh/vincent_s_chair_with_his_pipe.jpg
1.480115482793554,head_of_a_young_peasant_in_a_peaked_cap,data/van_gogh/head_of_a_young_peasant_in_a_peaked_cap.jpg
1.124614982457395,still_life_with_french_novels_and_a_rose,data/van_gogh/still_life_with_french_novels_and_a_rose.jpg
0.7856511342542083,old_man_in_sorrow_on_the_threshold_of_eternity,data/van_gogh/old_man_in_sorrow_on_the_threshold_of_eternity.jpg
0.7253841412626598,wheat_field_with_the_alpilles_foothills_in_the_background,data/van_gogh/wheat_field_with_the_alpilles_foothills_in_the_background.jpg
0.7059949320361663,ward_in_the_hospital_in_arles,data/van_gogh/ward_in_the_hospital_in_arles.jpg
0.8771433883494146,wheat_field_with_cornflowers,data/van_gogh/wheat_field_with_cornflowers.jpg
1.64215334260668,the_baby_marcelle_roulin,data/van_gogh/the_baby_marcelle_roulin.jpg
2.537277764054162,vase_with_carnations_3,data/van_gogh/vase_with_carnations_3.jpg
1.2309899635651038,self-portrait_5,data/van_gogh/self-portrait_5.jpg
1.9758369583538753,still_life_vase_with_twelve_sunflowers,data/van_gogh/still_life_vase_with_twelve_sunflowers.jpg
2.098959470046224,portrait_of_doctor_gachet,data/van_gogh/portrait_of_doctor_gachet.jpg
0.9040564499123254,self-portrait_with_straw_hat_4,data/van_gogh/self-portrait_with_straw_hat_4.jpg
0.9685599242209503,houses_in_auvers_2,data/van_gogh/houses_in_auvers_2.jpg
0.6731217061234377,head_of_a_woman_with_her_hair_loose,data/van_gogh/head_of_a_woman_with_her_hair_loose.jpg
0.7466528979347408,head_of_an_old_woman_with_white_cap_the_midwife,data/van_gogh/head_of_an_old_woman_with_white_cap_the_midwife.jpg
1.4884105415366964,coal_barges_2,data/van_gogh/coal_barges_2.jpg
1.3260611672870664,cottage_with_peasant_coming_home,data/van_gogh/cottage_with_peasant_coming_home.jpg
1.963586901779499,vegetable_garden_in_montmartre,data/van_gogh/vegetable_garden_in_montmartre.jpg
1.283957976026256,the_green_parrot,data/van_gogh/the_green_parrot.jpg
0.578961070154356,blossoming_acacia_branches,data/van_gogh/blossoming_acacia_branches.jpg
0.5154781700101417,self-portrait_with_bandaged_ear,data/van_gogh/self-portrait_with_bandaged_ear.jpg
1.2138988881129207,head_of_an_old_peasant_woman_with_white_cap,data/van_gogh/head_of_an_old_peasant_woman_with_white_cap.jpg
0.9581495985005315,peasant_and_peasant_woman_planting_potatoes,data/van_gogh/peasant_and_peasant_woman_planting_potatoes.jpg
0.943529392824348,roses_and_beetle,data/van_gogh/roses_and_beetle.jpg
1.385900001394994,wheat_field,data/van_gogh/wheat_field.jpg
0.8821468227437085,bank_of_the_oise_at_auvers,data/van_gogh/bank_of_the_oise_at_auvers.jpg
0.9697799788449194,cottages_and_cypresses_reminiscence_of_the_north,data/van_gogh/cottages_and_cypresses_reminiscence_of_the_north.jpg
0.7201093691496522,wheat_field_with_cypresses_at_the_haute_galline_near_eygalieres,data/van_gogh/wheat_field_with_cypresses_at_the_haute_galline_near_eygalieres.jpg
0.8357088702125172,peasant_woman_cutting_straw_after_millet,data/van_gogh/peasant_woman_cutting_straw_after_millet.jpg
0.8403820540237295,congregation_leaving_the_reformed_church_in_nuenen,data/van_gogh/congregation_leaving_the_reformed_church_in_nuenen.jpg
2.1244515285177967,blossoming_almond_branch_in_a_glass_with_a_book,data/van_gogh/blossoming_almond_branch_in_a_glass_with_a_book.jpg
2.95193966011968,the_reaper_after_millet,data/van_gogh/the_reaper_after_millet.jpg
1.9393887683845212,autumn_landscape_at_dusk,data/van_gogh/autumn_landscape_at_dusk.jpg
1.50892801646002,farm_with_stacks_of_peat,data/van_gogh/farm_with_stacks_of_peat.jpg
1.5411985531345496,paul_gauguin_man_in_a_red_beret,data/van_gogh/paul_gauguin_man_in_a_red_beret.jpg
1.1544722664980132,tambourine_with_pansies,data/van_gogh/tambourine_with_pansies.jpg
1.7654122739421658,still_life_with_basket_and_six_oranges,data/van_gogh/still_life_with_basket_and_six_oranges.jpg
2.9239022900820473,head_of_a_peasant_woman_with_dark_cap_4,data/van_gogh/head_of_a_peasant_woman_with_dark_cap_4.jpg
1.6810621915990664,still_life_bloaters_on_a_piece_of_yellow_paper,data/van_gogh/still_life_bloaters_on_a_piece_of_yellow_paper.jpg
1.7402779346620663,still_life_with_scabiosa_and_ranunculus,data/van_gogh/still_life_with_scabiosa_and_ranunculus.jpg
1.7162903893060988,head_of_a_peasant_woman_with_dark_cap_5,data/van_gogh/head_of_a_peasant_woman_with_dark_cap_5.jpg
1.148306641928512,the_sower_outskirts_of_arles_in_the_background,data/van_gogh/the_sower_outskirts_of_arles_in_the_background.jpg
0.655481093301111,"portrait_of_trabuc,_an_attendant_at_saint-paul_hospital","data/van_gogh/portrait_of_trabuc,_an_attendant_at_saint-paul_hospital.jpg"
1.0473769927976995,olive_picking,data/van_gogh/olive_picking.jpg
1.099304334545963,view_of_roofs_and_backs_of_houses,data/van_gogh/view_of_roofs_and_backs_of_houses.jpg
1.2095912909916615,"orchard_in_blossom,_bordered_by_cypresses","data/van_gogh/orchard_in_blossom,_bordered_by_cypresses.jpg"
1.3040230016780523,vase_with_red_poppies,data/van_gogh/vase_with_red_poppies.jpg
0.8351841878187362,woman_sitting_by_a_cradle,data/van_gogh/woman_sitting_by_a_cradle.jpg
1.080138959817385,the_poet_s_garden,data/van_gogh/the_poet_s_garden.jpg
1.9541139026348764,starry_night_over_the_rhone,data/van_gogh/starry_night_over_the_rhone.jpg
1.588240647560409,portrait_of_a_woman_madame_tanguy,data/van_gogh/portrait_of_a_woman_madame_tanguy.jpg
1.1765828002280811,still_life_glass_with_carnations,data/van_gogh/still_life_glass_with_carnations.jpg
1.8646840345457343,still_life_with_bloaters_2,data/van_gogh/still_life_with_bloaters_2.jpg
0.753835479633358,two_children_2,data/van_gogh/two_children_2.jpg
2.8279337976376966,portrait_of_the_postman_joseph_roulin_6,data/van_gogh/portrait_of_the_postman_joseph_roulin_6.jpg
2.1942641315310807,still_life_japanese_vase_with_roses_and_anemones,data/van_gogh/still_life_japanese_vase_with_roses_and_anemones.jpg
0.8158687957690992,young_girl_standing_against_a_background_of_wheat,data/van_gogh/young_girl_standing_against_a_background_of_wheat.jpg
1.7382250719598131,the_garden_of_saint-paul_hospital_with_figure,data/van_gogh/the_garden_of_saint-paul_hospital_with_figure.jpg
1.4606732448503466,basket_of_apples,data/van_gogh/basket_of_apples.jpg
3.014770823080318,still_life_vase_with_twelve_sunflowers_2,data/van_gogh/still_life_vase_with_twelve_sunflowers_2.jpg
1.7905684018972075,view_of_paris_from_montmartre,data/van_gogh/view_of_paris_from_montmartre.jpg
1.058582553158369,two_women_in_the_moor,data/van_gogh/two_women_in_the_moor.jpg
0.7421369814401035,wooden_sheds,data/van_gogh/wooden_sheds.jpg
0.7999023539898356,vase_with_peonies,data/van_gogh/vase_with_peonies.jpg
1.1138905096463365,portrait_of_the_postman_joseph_roulin_4,data/van_gogh/portrait_of_the_postman_joseph_roulin_4.jpg
1.38292273048921,self-portrait_with_straw_hat_and_pipe,data/van_gogh/self-portrait_with_straw_hat_and_pipe.jpg
0.9609820970148735,thatched_cottages_at_cordeville,data/van_gogh/thatched_cottages_at_cordeville.jpg
0.9093951645097659,railway_carriages,data/van_gogh/railway_carriages.jpg
2.3906248557071157,two_white_butterflies,data/van_gogh/two_white_butterflies.jpg
0.9822639355846663,trees_and_undergrowth_2,data/van_gogh/trees_and_undergrowth_2.jpg
0.47527976952642687,trees_in_the_garden_of_saint-paul_hospital,data/van_gogh/trees_in_the_garden_of_saint-paul_hospital.jpg
0.9148511080334569,olive_grove_bright_blue_sky,data/van_gogh/olive_grove_bright_blue_sky.jpg
0.6243604673258373,apricot_trees_in_blossom_2,data/van_gogh/apricot_trees_in_blossom_2.jpg
1.3023693851457276,girl_in_white_in_the_woods,data/van_gogh/girl_in_white_in_the_woods.jpg
0.8391292441308444,garden_in_auvers,data/van_gogh/garden_in_auvers.jpg
0.766327529845845,les_alyscamps_2,data/van_gogh/les_alyscamps_2.jpg
0.9140475913196161,the_painter_on_his_way_to_work,data/van_gogh/the_painter_on_his_way_to_work.jpg
0.7013511803427014,entrance_to_a_quarry,data/van_gogh/entrance_to_a_quarry.jpg
1.190646614953777,farmers_planting_potatoes,data/van_gogh/farmers_planting_potatoes.jpg
0.8068670750744918,lying_cow,data/van_gogh/lying_cow.jpg
2.6344413200604886,view_of_paris_from_vincent_s_room_in_the_rue_lepic_2,data/van_gogh/view_of_paris_from_vincent_s_room_in_the_rue_lepic_2.jpg
2.3511427294822256,head_of_a_peasant_woman_with_dark_cap_7,data/van_gogh/head_of_a_peasant_woman_with_dark_cap_7.jpg
1.3045141371840554,wheat_fields_with_auvers_in_the_background,data/van_gogh/wheat_fields_with_auvers_in_the_background.jpg
0.9679788064966769,terrace_of_a_cafe_on_montmartre_la_guinguette,data/van_gogh/terrace_of_a_cafe_on_montmartre_la_guinguette.jpg
2.329421863844884,daubigny_s_garden,data/van_gogh/daubigny_s_garden.jpg
1.0805511312952951,head_of_a_peasant_woman_with_dark_cap_6,data/van_gogh/head_of_a_peasant_woman_with_dark_cap_6.jpg
0.7133420218331191,the_house_of_pere_pilon,data/van_gogh/the_house_of_pere_pilon.jpg
0.6530806098562006,landscape_with_trees_and_figures,data/van_gogh/landscape_with_trees_and_figures.jpg
1.7120735703036345,wheat_field_with_reaper_and_sun,data/van_gogh/wheat_field_with_reaper_and_sun.jpg
0.9032454478810066,starry_night,data/van_gogh/starry_night.jpg
0.7683340998443323,les_alyscamps_3,data/van_gogh/les_alyscamps_3.jpg
0.6573074425200188,pine_trees_and_dandelions_in_the_garden_of_saint-paul_hospital,data/van_gogh/pine_trees_and_dandelions_in_the_garden_of_saint-paul_hospital.jpg
2.5811010361872877,portrait_of_the_postman_joseph_roulin_5,data/van_gogh/portrait_of_the_postman_joseph_roulin_5.jpg
2.1021831997052516,"old_woman_of_arles,_an","data/van_gogh/old_woman_of_arles,_an.jpg"
0.945387365586141,undergrowth_with_two_figures,data/van_gogh/undergrowth_with_two_figures.jpg
1.7877193422267517,olive_trees,data/van_gogh/olive_trees.jpg
2.280159939499338,landscape_with_pollard_willows,data/van_gogh/landscape_with_pollard_willows.jpg
0.807387861203877,evening_the_end_of_the_day_after_millet,data/van_gogh/evening_the_end_of_the_day_after_millet.jpg
1.6034485808672667,the_gleize_bridge_over_the_vigueirat_canal,data/van_gogh/the_gleize_bridge_over_the_vigueirat_canal.jpg
2.048852079444031,next_painting_2,data/van_gogh/next_painting_2.jpg
1.5761066738674603,"still_life_bottle,_lemons_and_oranges","data/van_gogh/still_life_bottle,_lemons_and_oranges.jpg"
1.7428225441636394,the_banks_of_the_seine_with_boats,data/van_gogh/the_banks_of_the_seine_with_boats.jpg
0.9352138696168383,portrait_of_a_one-eyed_man,data/van_gogh/portrait_of_a_one-eyed_man.jpg
1.1425005909701544,l_arlesienne_madame_ginoux,data/van_gogh/l_arlesienne_madame_ginoux.jpg
1.922682864469281,mountainous_landscape_behind_saint-paul_hospital,data/van_gogh/mountainous_landscape_behind_saint-paul_hospital.jpg
2.085907870934403,farmhouses_in_loosduinen_near_the_hague_at_twilight,data/van_gogh/farmhouses_in_loosduinen_near_the_hague_at_twilight.jpg
1.4468129167926058,still_life_majolica_jug_with_wildflowers,data/van_gogh/still_life_majolica_jug_with_wildflowers.jpg
1.0724157052173278,sloping_path_in_montmartre,data/van_gogh/sloping_path_in_montmartre.jpg
2.313343749332135,still_life_vase_with_fifteen_sunflowers,data/van_gogh/still_life_vase_with_fifteen_sunflowers.jpg
1.220299482993138,paul_gauguin_s_armchair,data/van_gogh/paul_gauguin_s_armchair.jpg
0.5515340988341105,vase_with_carnations,data/van_gogh/vase_with_carnations.jpg
1.4026673546728383,plaster_statuette_of_a_kneeling_man,data/van_gogh/plaster_statuette_of_a_kneeling_man.jpg
1.0282826449723708,undergrowth_with_ivy,data/van_gogh/undergrowth_with_ivy.jpg
1.225510375082351,la_berceuse_augustine_roulin,data/van_gogh/la_berceuse_augustine_roulin.jpg
0.5161841222921846,a_road_at_saint-remy_with_female_figure,data/van_gogh/a_road_at_saint-remy_with_female_figure.jpg
2.490431559932634,head_of_a_peasant_woman_with_dark_cap_2,data/van_gogh/head_of_a_peasant_woman_with_dark_cap_2.jpg
1.0232361905149916,farmhouse_in_provence,data/van_gogh/farmhouse_in_provence.jpg
0.9248116534175832,the_old_mill,data/van_gogh/the_old_mill.jpg
1.0481303301251526,still_life_with_mussels_and_shrimps,data/van_gogh/still_life_with_mussels_and_shrimps.jpg
2.1229639854600566,still_life_with_beer_mug_and_fruit,data/van_gogh/still_life_with_beer_mug_and_fruit.jpg
1.3167223894905127,a_lane_in_the_public_garden_at_arles,data/van_gogh/a_lane_in_the_public_garden_at_arles.jpg
0.49397947861512326,two_diggers_among_trees,data/van_gogh/two_diggers_among_trees.jpg
0.7494608609061469,the_red_vineyard,data/van_gogh/the_red_vineyard.jpg
0.4293387083871718,woman_sitting_in_the_grass,data/van_gogh/woman_sitting_in_the_grass.jpg
1.2981558070455934,the_still_life_with_abs,data/van_gogh/the_still_life_with_abs.jpg
0.9089778547757594,the_bedroom,data/van_gogh/the_bedroom.jpg
0.7927434977894472,the_public_park_at_arles,data/van_gogh/the_public_park_at_arles.jpg
1.832965614162714,l_arlesienne_madame_ginoux_with_books,data/van_gogh/l_arlesienne_madame_ginoux_with_books.jpg
0.48172912128555695,the_banks_of_the_seine,data/van_gogh/the_banks_of_the_seine.jpg
2.1454857611324782,peasant_woman_with_a_rake_after_millet,data/van_gogh/peasant_woman_with_a_rake_after_millet.jpg
1.1507499631394449,portrait_of_camille_roulin,data/van_gogh/portrait_of_camille_roulin.jpg
0.8695135958036803,pine_trees_against_a_red_sky_with_setting_sun,data/van_gogh/pine_trees_against_a_red_sky_with_setting_sun.jpg
1.1849151237657858,seascape_at_saintes-maries_2,data/van_gogh/seascape_at_saintes-maries_2.jpg
1.0199535501746486,still_life_potatoes_in_a_yellow_dish,data/van_gogh/still_life_potatoes_in_a_yellow_dish.jpg
0.7105369630132924,field_with_poppies,data/van_gogh/field_with_poppies.jpg
1.3348970683770756,still_life_with_apples,data/van_gogh/still_life_with_apples.jpg
1.1649135315711883,the_little_stream,data/van_gogh/the_little_stream.jpg
0.8160663143264977,tree_roots_and_trunks,data/van_gogh/tree_roots_and_trunks.jpg
1.306752202682783,fisherman_on_the_beach,data/van_gogh/fisherman_on_the_beach.jpg
1.2792609317943004,the_little_arlesienne,data/van_gogh/the_little_arlesienne.jpg
1.0859781290321682,les_peiroulets_ravine_2,data/van_gogh/les_peiroulets_ravine_2.jpg
1.2700443701824915,thatched_cottages_by_a_hill,data/van_gogh/thatched_cottages_by_a_hill.jpg
1.0562523098220835,the_sower_3,data/van_gogh/the_sower_3.jpg
1.2099070174613455,peach_tree_in_blossom,data/van_gogh/peach_tree_in_blossom.jpg
2.1594986369902647,portrait_of_the_postman_joseph_roulin_2,data/van_gogh/portrait_of_the_postman_joseph_roulin_2.jpg
0.7431433080662999,vase_with_zinnias_and_other_flowers,data/van_gogh/vase_with_zinnias_and_other_flowers.jpg
0.698854856463785,cypresses_with_two_female_figures,data/van_gogh/cypresses_with_two_female_figures.jpg
0.7444280908141532,cypresses_and_two_women,data/van_gogh/cypresses_and_two_women.jpg
1.5848383872303764,the_smoker,data/van_gogh/the_smoker.jpg
0.8612596034102173,portrait_of_a_woman_with_red_ribbon,data/van_gogh/portrait_of_a_woman_with_red_ribbon.jpg
0.6245241308630367,garden_behind_a_house,data/van_gogh/garden_behind_a_house.jpg
1.1453459434097395,the_restaurant_de_la_sirene_at_asnieres,data/van_gogh/the_restaurant_de_la_sirene_at_asnieres.jpg
1.5433761350942163,cottage_with_trees_3,data/van_gogh/cottage_with_trees_3.jpg
1.220113254931837,"still_life_with_apples,_meat_and_a_roll","data/van_gogh/still_life_with_apples,_meat_and_a_roll.jpg"
0.7909702503578441,self-portrait_in_front_of_the_easel,data/van_gogh/self-portrait_in_front_of_the_easel.jpg
0.7365965330405699,evening_landscape_with_rising_moon,data/van_gogh/evening_landscape_with_rising_moon.jpg
1.4708251983366747,still_life_red_poppies_and_daisies,data/van_gogh/still_life_red_poppies_and_daisies.jpg
1.7807080295344038,self-portrait_with_pipe_and_glass,data/van_gogh/self-portrait_with_pipe_and_glass.jpg
1.6125856983068332,crab_on_its_back,data/van_gogh/crab_on_its_back.jpg
0.6030652565952254,two_peasant_women_digging_in_field_with_snow,data/van_gogh/two_peasant_women_digging_in_field_with_snow.jpg
0.8237847953532417,portrait_of_a_patient_in_saint-paul_hospital,data/van_gogh/portrait_of_a_patient_in_saint-paul_hospital.jpg
0.9715012172998032,field_with_ploughman_and_mill,data/van_gogh/field_with_ploughman_and_mill.jpg
2.0269959072529837,the_seine_bridge_at_asnieres,data/van_gogh/the_seine_bridge_at_asnieres.jpg
1.3589703702231979,head_of_a_brabant_peasant_woman_with_dark_cap,data/van_gogh/head_of_a_brabant_peasant_woman_with_dark_cap.jpg
1.2687951843972731,noon_rest_from_work_after_millet,data/van_gogh/noon_rest_from_work_after_millet.jpg
1.2462067593858488,olive_grove,data/van_gogh/olive_grove.jpg
2.3194089742762656,portrait_of_the_postman_joseph_roulin,data/van_gogh/portrait_of_the_postman_joseph_roulin.jpg
0.8762789106290986,portrait_of_the_postman_joseph_roulin_3,data/van_gogh/portrait_of_the_postman_joseph_roulin_3.jpg
2.4472052702197855,still_life_bowl_with_daisies,data/van_gogh/still_life_bowl_with_daisies.jpg
1.3435442774738058,the_sower_2,data/van_gogh/the_sower_2.jpg
2.2191426976245974,head_of_a_peasant_woman_with_brownish_cap,data/van_gogh/head_of_a_peasant_woman_with_brownish_cap.jpg
1.3538725444442787,les_peiroulets_ravine_3,data/van_gogh/les_peiroulets_ravine_3.jpg
1.4852717232278994,still_life_vase_with_oleanders_and_books,data/van_gogh/still_life_vase_with_oleanders_and_books.jpg
0.5822058584136439,enclosed_field_with_ploughman,data/van_gogh/enclosed_field_with_ploughman.jpg
